,Time (ns),Peptide_num,Resid,Residue,CA Z position,P_up,P low,lipid_z,res_z_pos,Crossed
0,0,1,1,1,0.8499984741210938,82.73447,70.5239,117.76001,118.6100082397461,0
1,0,1,2,2,4.07000732421875,82.73447,70.5239,117.93,122.00000762939453,0
2,0,1,3,3,6.1399993896484375,82.73447,70.5239,117.18001,123.32000732421875,0
3,0,1,4,4,5.970001220703125,82.73447,70.5239,117.18001,123.15000915527344,0
4,0,1,5,5,8.889999389648438,82.73447,70.5239,117.18001,126.07000732421875,0
5,0,1,6,6,9.3699951171875,82.73447,70.5239,117.18001,126.55000305175781,0
6,0,1,7,7,5.7299957275390625,82.73447,70.5239,117.18001,122.91000366210938,0
7,0,1,8,8,5.9199981689453125,82.73447,70.5239,117.060005,122.9800033569336,0
8,0,1,9,9,9.120002746582031,82.73447,70.5239,117.060005,126.18000793457031,0
9,0,1,10,10,7.680000305175781,82.73447,70.5239,117.060005,124.74000549316406,0
10,0,1,11,11,4.75,82.73447,70.5239,117.060005,121.81000518798828,0
11,0,1,12,12,7.269996643066406,82.73447,70.5239,117.060005,124.33000183105469,0
12,0,1,13,13,9.270004272460938,82.73447,70.5239,116.94,126.21000671386719,0
13,0,1,14,14,5.970001220703125,82.73447,70.5239,116.94,122.91000366210938,0
14,0,1,15,15,5.010002136230469,82.73447,70.5239,116.94,121.95000457763672,0
15,0,1,16,16,2.30999755859375,82.73447,70.5239,122.91,125.22000122070312,0
16,0,1,17,17,8.480003356933594,82.73447,70.5239,116.94,125.42000579833984,0
17,0,1,18,18,8.459999084472656,82.73447,70.5239,116.39001,124.85000610351562,0
18,0,1,19,19,4.7599945068359375,82.73447,70.5239,122.91,127.66999816894531,0
19,0,1,20,20,5.8900146484375,82.73447,70.5239,122.91,128.80001831054688,0
20,0,1,21,21,7.1800079345703125,82.73447,70.5239,122.91,130.0900115966797,0
21,0,1,22,22,10.720001220703125,82.73447,70.5239,122.91,133.6300048828125,0
22,0,1,23,23,11.300003051757812,82.73447,70.5239,122.91,134.2100067138672,0
23,0,1,24,24,7.989997863769531,82.73447,70.5239,124.590004,132.5800018310547,0
24,0,1,25,25,12.19000244140625,82.73447,70.5239,122.91,135.10000610351562,0
25,0,2,26,1,0.0200042724609375,82.73447,70.5239,105.72,105.74000549316406,0
26,0,2,27,2,3.899993896484375,82.73447,70.5239,105.3,109.19999694824219,0
27,0,2,28,3,4.8600006103515625,82.73447,70.5239,105.72,110.58000183105469,0
28,0,2,29,4,6.650001525878906,82.73447,70.5239,104.840004,111.49000549316406,0
29,0,2,30,5,7.1100006103515625,82.73447,70.5239,108.170006,115.2800064086914,0
30,0,2,31,6,7.549995422363281,82.73447,70.5239,108.170006,115.72000122070312,0
31,0,2,32,7,5.6999969482421875,82.73447,70.5239,108.170006,113.87000274658203,0
32,0,2,33,8,7.680000305175781,82.73447,70.5239,108.170006,115.85000610351562,0
33,0,2,34,9,6.660003662109375,82.73447,70.5239,112.39,119.05000305175781,0
34,0,2,35,10,5.4199981689453125,82.73447,70.5239,112.39,117.80999755859375,0
35,0,2,36,11,4.560005187988281,82.73447,70.5239,112.39,116.95000457763672,0
36,0,2,37,12,8.080009460449219,82.73447,70.5239,112.39,120.47000885009766,0
37,0,2,38,13,9.780014038085938,82.73447,70.5239,112.39,122.17001342773438,0
38,0,2,39,14,7.3300018310546875,82.73447,70.5239,112.39,119.72000122070312,0
39,0,2,40,15,7.730010986328125,82.73447,70.5239,112.39,120.12001037597656,0
40,0,2,41,16,11.550010681152344,82.73447,70.5239,112.39,123.94001007080078,0
41,0,2,42,17,11.500007629394531,82.73447,70.5239,112.39,123.89000701904297,0
42,0,2,43,18,11.900009155273438,82.73447,70.5239,112.39,124.29000854492188,0
43,0,2,44,19,15.620002746582031,82.73447,70.5239,111.170006,126.79000854492188,0
44,0,2,45,20,16.150009155273438,82.73447,70.5239,112.39,128.54000854492188,0
45,0,2,46,21,16.95001220703125,82.73447,70.5239,112.39,129.3400115966797,0
46,0,2,47,22,20.69000244140625,82.73447,70.5239,112.39,133.0800018310547,0
47,0,2,48,23,23.250015258789062,82.73447,70.5239,112.39,135.6400146484375,0
48,0,2,49,24,22.720001220703125,82.73447,70.5239,112.39,135.11000061035156,0
49,0,2,50,25,25.410003662109375,82.73447,70.5239,112.39,137.8000030517578,0
50,0,3,51,1,-0.730010986328125,82.73447,70.5239,99.08001,98.3499984741211,0
51,0,3,52,2,2.9499893188476562,82.73447,70.5239,99.08001,102.02999877929688,0
52,0,3,53,3,3.779998779296875,82.73447,70.5239,98.46001,102.24000549316406,0
53,0,3,54,4,-2.3899917602539062,82.73447,70.5239,106.68,104.29000854492188,0
54,0,3,55,5,0.9100112915039062,82.73447,70.5239,106.68,107.59001159667969,0
55,0,3,56,6,3.1400070190429688,82.73447,70.5239,106.68,109.82000732421875,0
56,0,3,57,7,7.089996337890625,82.73447,70.5239,100.560005,107.6500015258789,0
57,0,3,58,8,7.1399993896484375,82.73447,70.5239,100.560005,107.70000457763672,0
58,0,3,59,9,4.650001525878906,82.73447,70.5239,106.68,111.33000183105469,0
59,0,3,60,10,5.970001220703125,82.73447,70.5239,106.12,112.09000396728516,0
60,0,3,61,11,3.529998779296875,82.73447,70.5239,106.12,109.6500015258789,0
61,0,3,62,12,5.080009460449219,82.73447,70.5239,106.12,111.20001220703125,0
62,0,3,63,13,8.640007019042969,82.73447,70.5239,106.12,114.760009765625,0
63,0,3,64,14,8.05999755859375,82.73447,70.5239,106.12,114.18000030517578,0
64,0,3,65,15,6.07000732421875,82.73447,70.5239,106.12,112.19001007080078,0
65,0,3,66,16,9.1300048828125,82.73447,70.5239,106.12,115.25000762939453,0
66,0,3,67,17,11.180000305175781,82.73447,70.5239,106.12,117.30000305175781,0
67,0,3,68,18,9.260002136230469,82.73447,70.5239,106.12,115.3800048828125,0
68,0,3,69,19,10.180000305175781,82.73447,70.5239,106.12,116.30000305175781,0
69,0,3,70,20,13.860000610351562,82.73447,70.5239,106.12,119.9800033569336,0
70,0,3,71,21,14.189994812011719,82.73447,70.5239,105.26001,119.45000457763672,0
71,0,3,72,22,12.699996948242188,82.73447,70.5239,105.26001,117.96000671386719,0
72,0,3,73,23,16.099998474121094,82.73447,70.5239,105.26001,121.3600082397461,0
73,0,3,74,24,18.389999389648438,82.73447,70.5239,105.26001,123.65000915527344,0
74,0,3,75,25,20.12999725341797,82.73447,70.5239,105.26001,125.39000701904297,0
75,0,4,76,1,-1.3700027465820312,82.73447,70.5239,100.240005,98.87000274658203,0
76,0,4,77,2,2.1399993896484375,82.73447,70.5239,100.240005,102.3800048828125,0
77,0,4,78,3,3.6100006103515625,82.73447,70.5239,100.240005,103.85000610351562,0
78,0,4,79,4,4.610008239746094,82.73447,70.5239,99.93,104.54000854492188,0
79,0,4,80,5,8.170005798339844,82.73447,70.5239,99.93,108.10000610351562,0
80,0,4,81,6,4.330009460449219,82.73447,70.5239,104.93,109.260009765625,0
81,0,4,82,7,6.6500091552734375,82.73447,70.5239,99.93,106.58000946044922,0
82,0,4,83,8,6.790008544921875,82.73447,70.5239,99.93,106.72000885009766,0
83,0,4,84,9,10.610008239746094,82.73447,70.5239,99.93,110.54000854492188,0
84,0,4,85,10,6.3300018310546875,82.73447,70.5239,103.590004,109.92000579833984,0
85,0,4,86,11,3.910003662109375,82.73447,70.5239,103.590004,107.50000762939453,0
86,0,4,87,12,7.4600067138671875,82.73447,70.5239,102.8,110.260009765625,0
87,0,4,88,13,4.209999084472656,82.73447,70.5239,108.29001,112.50000762939453,0
88,0,4,89,14,1.7899932861328125,82.73447,70.5239,108.29001,110.08000183105469,0
89,0,4,90,15,5.8600006103515625,82.73447,70.5239,103.590004,109.45000457763672,0
90,0,4,91,16,9.199996948242188,82.73447,70.5239,103.87,113.06999969482422,0
91,0,4,92,17,8.450004577636719,82.73447,70.5239,103.87,112.32000732421875,0
92,0,4,93,18,8.009994506835938,82.73447,70.5239,106.380005,114.38999938964844,0
93,0,4,94,19,9.169998168945312,82.73447,70.5239,106.380005,115.55000305175781,0
94,0,4,95,20,13.960006713867188,82.73447,70.5239,103.87,117.83000946044922,0
95,0,4,96,21,13.180000305175781,82.73447,70.5239,106.380005,119.56000518798828,0
96,0,4,97,22,14.800003051757812,82.73447,70.5239,106.380005,121.18000793457031,0
97,0,4,98,23,18.389999389648438,82.73447,70.5239,106.380005,124.77000427246094,0
98,0,4,99,24,9.709999084472656,82.73447,70.5239,114.69001,124.40000915527344,0
99,0,4,100,25,11.969993591308594,82.73447,70.5239,114.69001,126.66000366210938,0
100,0,5,101,1,3.839996337890625,82.73447,70.5239,111.78001,115.62000274658203,0
101,0,5,102,2,3.7400054931640625,82.73447,70.5239,111.78001,115.52001190185547,0
102,0,5,103,3,1.0900039672851562,82.73447,70.5239,111.78001,112.87001037597656,0
103,0,5,104,4,1.3199996948242188,82.73447,70.5239,111.78001,113.10000610351562,0
104,0,5,105,5,5.019996643066406,82.73447,70.5239,111.78001,116.80000305175781,0
105,0,5,106,6,4.769996643066406,82.73447,70.5239,112.50001,117.27000427246094,0
106,0,5,107,7,2.1999969482421875,82.73447,70.5239,112.50001,114.70000457763672,0
107,0,5,108,8,2.7999954223632812,82.73447,70.5239,113.51001,116.31000518798828,0
108,0,5,109,9,6.269996643066406,82.73447,70.5239,113.51001,119.7800064086914,0
109,0,5,110,10,4.5,82.73447,70.5239,113.51001,118.010009765625,0
110,0,5,111,11,3.2199935913085938,82.73447,70.5239,113.51001,116.7300033569336,0
111,0,5,112,12,6.589996337890625,82.73447,70.5239,113.51001,120.10000610351562,0
112,0,5,113,13,8.439994812011719,82.73447,70.5239,113.15001,121.59000396728516,0
113,0,5,114,14,5.5399932861328125,82.73447,70.5239,113.15001,118.69000244140625,0
114,0,5,115,15,5.879997253417969,82.73447,70.5239,113.15001,119.0300064086914,0
115,0,5,116,16,4.25,82.73447,70.5239,118.55,122.80000305175781,0
116,0,5,117,17,4.420005798339844,82.73447,70.5239,118.55,122.97000885009766,0
117,0,5,118,18,3.25,82.73447,70.5239,118.55,121.80000305175781,0
118,0,5,119,19,5.870002746582031,82.73447,70.5239,118.55,124.42000579833984,0
119,0,5,120,20,8.580001831054688,82.73447,70.5239,118.55,127.1300048828125,0
120,0,5,121,21,7.760002136230469,82.73447,70.5239,118.55,126.31000518798828,0
121,0,5,122,22,7.950004577636719,82.73447,70.5239,118.55,126.50000762939453,0
122,0,5,123,23,10.960006713867188,82.73447,70.5239,118.55,129.510009765625,0
123,0,5,124,24,13.310012817382812,82.73447,70.5239,118.55,131.86001586914062,0
124,0,5,125,25,12.020004272460938,82.73447,70.5239,118.55,130.57000732421875,0
125,0,6,126,1,0.5100021362304688,82.73447,70.5239,108.490005,109.00000762939453,0
126,0,6,127,2,2.220001220703125,82.73447,70.5239,110.55,112.77000427246094,0
127,0,6,128,3,4.089996337890625,82.73447,70.5239,108.490005,112.58000183105469,0
128,0,6,129,4,5.029998779296875,82.73447,70.5239,108.490005,113.52000427246094,0
129,0,6,130,5,8.490005493164062,82.73447,70.5239,108.490005,116.98001098632812,0
130,0,6,131,6,8.050003051757812,82.73447,70.5239,110.670006,118.72000885009766,0
131,0,6,132,7,5.150001525878906,82.73447,70.5239,110.670006,115.82000732421875,0
132,0,6,133,8,0.9199981689453125,82.73447,70.5239,114.76001,115.68000793457031,0
133,0,6,134,9,4.689994812011719,82.73447,70.5239,114.76001,119.45000457763672,0
134,0,6,135,10,8.489997863769531,82.73447,70.5239,110.670006,119.16000366210938,0
135,0,6,136,11,1.5399932861328125,82.73447,70.5239,114.76001,116.30000305175781,0
136,0,6,137,12,3.3699951171875,82.73447,70.5239,114.76001,118.1300048828125,0
137,0,6,138,13,6.3899993896484375,82.73447,70.5239,114.76001,121.15000915527344,0
138,0,6,139,14,4.060005187988281,82.73447,70.5239,114.79,118.85000610351562,0
139,0,6,140,15,2.3400039672851562,82.73447,70.5239,114.79,117.1300048828125,0
140,0,6,141,16,2.2599945068359375,82.73447,70.5239,118.16001,120.42000579833984,0
141,0,6,142,17,7.44000244140625,82.73447,70.5239,114.79,122.2300033569336,0
142,0,6,143,18,5.410003662109375,82.73447,70.5239,114.79,120.20000457763672,0
143,0,6,144,19,6.450004577636719,82.73447,70.5239,114.79,121.24000549316406,0
144,0,6,145,20,8.1300048828125,82.73447,70.5239,116.94,125.07000732421875,0
145,0,6,146,21,8.060005187988281,82.73447,70.5239,116.94,125.00000762939453,0
146,0,6,147,22,5.230010986328125,82.73447,70.5239,116.94,122.17001342773438,0
147,0,6,148,23,7.2899932861328125,82.73447,70.5239,117.100006,124.38999938964844,0
148,0,6,149,24,10.740005493164062,82.73447,70.5239,116.94,127.68000793457031,0
149,0,6,150,25,11.82000732421875,82.73447,70.5239,116.94,128.760009765625,0
150,0,7,151,1,2.220001220703125,82.73447,70.5239,107.12001,109.34001159667969,0
151,0,7,152,2,4.149993896484375,82.73447,70.5239,107.12001,111.27000427246094,0
152,0,7,153,3,5.999992370605469,82.73447,70.5239,107.12001,113.12000274658203,0
153,0,7,154,4,6.0,82.73447,70.5239,106.920006,112.92000579833984,0
154,0,7,155,5,6.439994812011719,82.73447,70.5239,106.920006,113.36000061035156,0
155,0,7,156,6,5.69000244140625,82.73447,70.5239,106.920006,112.6100082397461,0
156,0,7,157,7,2.3899993896484375,82.73447,70.5239,106.920006,109.31000518798828,0
157,0,7,158,8,3.8199996948242188,82.73447,70.5239,106.920006,110.74000549316406,0
158,0,7,159,9,5.189994812011719,82.73447,70.5239,108.98001,114.17000579833984,0
159,0,7,160,10,6.129997253417969,82.73447,70.5239,106.22001,112.35000610351562,0
160,0,7,161,11,3.9099960327148438,82.73447,70.5239,105.68001,109.59000396728516,0
161,0,7,162,12,3.470001220703125,82.73447,70.5239,108.98001,112.45001220703125,0
162,0,7,163,13,8.269996643066406,82.73447,70.5239,105.68001,113.95000457763672,0
163,0,7,164,14,4.7299957275390625,82.73447,70.5239,105.68001,110.41000366210938,0
164,0,7,165,15,4.209991455078125,82.73447,70.5239,105.68001,109.88999938964844,0
165,0,7,166,16,2.029998779296875,82.73447,70.5239,111.020004,113.05000305175781,0
166,0,7,167,17,4.3000030517578125,82.73447,70.5239,108.57001,112.87001037597656,0
167,0,7,168,18,6.5999908447265625,82.73447,70.5239,108.57001,115.16999816894531,0
168,0,7,169,19,9.089996337890625,82.73447,70.5239,108.57001,117.66000366210938,0
169,0,7,170,20,7.4799957275390625,82.73447,70.5239,111.020004,118.5,0
170,0,7,171,21,10.589996337890625,82.73447,70.5239,111.020004,121.61000061035156,0
171,0,7,172,22,10.399993896484375,82.73447,70.5239,111.020004,121.41999816894531,0
172,0,7,173,23,12.30999755859375,82.73447,70.5239,108.98001,121.29000854492188,0
173,0,7,174,24,15.129989624023438,82.73447,70.5239,108.98001,124.11000061035156,0
174,0,7,175,25,15.32000732421875,82.73447,70.5239,111.020004,126.34001159667969,0
175,0,8,176,1,0.029998779296875,82.73447,70.5239,108.990005,109.02000427246094,0
176,0,8,177,2,0.089996337890625,82.73447,70.5239,112.560005,112.6500015258789,0
177,0,8,178,3,1.0100021362304688,82.73447,70.5239,112.560005,113.57000732421875,0
178,0,8,179,4,3.6399993896484375,82.73447,70.5239,108.990005,112.6300048828125,0
179,0,8,180,5,5.189994812011719,82.73447,70.5239,108.990005,114.18000030517578,0
180,0,8,181,6,5.700004577636719,82.73447,70.5239,108.990005,114.69001007080078,0
181,0,8,182,7,4.1100006103515625,82.73447,70.5239,106.8,110.91000366210938,0
182,0,8,183,8,3.05999755859375,82.73447,70.5239,106.920006,109.9800033569336,0
183,0,8,184,9,5.620002746582031,82.73447,70.5239,106.920006,112.54000854492188,0
184,0,8,185,10,1.5999984741210938,82.73447,70.5239,109.420006,111.02000427246094,0
185,0,8,186,11,6.450004577636719,82.73447,70.5239,101.090004,107.54000854492188,0
186,0,8,187,12,5.5200042724609375,82.73447,70.5239,102.91,108.43000793457031,0
187,0,8,188,13,9.229995727539062,82.73447,70.5239,100.630005,109.86000061035156,0
188,0,8,189,14,4.129997253417969,82.73447,70.5239,102.700005,106.83000183105469,0
189,0,8,190,15,4.019996643066406,82.73447,70.5239,100.630005,104.6500015258789,0
190,0,8,191,16,5.75,82.73447,70.5239,100.630005,106.3800048828125,0
191,0,8,192,17,4.4499969482421875,82.73447,70.5239,102.700005,107.1500015258789,0
192,0,8,193,18,5.69000244140625,82.73447,70.5239,103.41,109.10000610351562,0
193,0,8,194,19,6.220001220703125,82.73447,70.5239,103.41,109.6300048828125,0
194,0,8,195,20,8.44000244140625,82.73447,70.5239,103.41,111.85000610351562,0
195,0,8,196,21,11.110000610351562,82.73447,70.5239,103.41,114.52000427246094,0
196,0,8,197,22,11.660003662109375,82.73447,70.5239,103.41,115.07000732421875,0
197,0,8,198,23,14.050003051757812,82.73447,70.5239,103.41,117.46000671386719,0
198,0,8,199,24,13.260002136230469,82.73447,70.5239,102.91,116.17000579833984,0
199,0,8,200,25,7.890007019042969,82.73447,70.5239,109.420006,117.31001281738281,0
200,100,1,1,1,1.9599990844726562,83.68481,70.59464,110.840004,112.80000305175781,0
201,100,1,2,2,5.660003662109375,83.68481,70.59464,110.840004,116.50000762939453,0
202,100,1,3,3,0.07999420166015625,83.68481,70.59464,116.18001,116.26000213623047,0
203,100,1,4,4,0.5900039672851562,83.68481,70.59464,114.94,115.5300064086914,0
204,100,1,5,5,3.970001220703125,83.68481,70.59464,114.94,118.91000366210938,0
205,100,1,6,6,3.5500030517578125,83.68481,70.59464,114.94,118.49000549316406,0
206,100,1,7,7,0.2299957275390625,83.68481,70.59464,114.94,115.16999816894531,0
207,100,1,8,8,6.4300079345703125,83.68481,70.59464,110.41,116.84001159667969,0
208,100,1,9,9,5.2299957275390625,83.68481,70.59464,114.94,120.16999816894531,0
209,100,1,10,10,3.2400054931640625,83.68481,70.59464,114.94,118.18000793457031,0
210,100,1,11,11,4.530006408691406,83.68481,70.59464,111.96,116.49000549316406,0
211,100,1,12,12,3.1399993896484375,83.68481,70.59464,116.64001,119.7800064086914,0
212,100,1,13,13,8.860008239746094,83.68481,70.59464,111.96,120.82000732421875,0
213,100,1,14,14,5.670005798339844,83.68481,70.59464,111.96,117.6300048828125,0
214,100,1,15,15,2.8699951171875,83.68481,70.59464,115.47001,118.34000396728516,0
215,100,1,16,16,6.279991149902344,83.68481,70.59464,115.47001,121.75,0
216,100,1,17,17,4.709999084472656,83.68481,70.59464,115.47001,120.18000793457031,0
217,100,1,18,18,2.3299942016601562,83.68481,70.59464,115.47001,117.80000305175781,0
218,100,1,19,19,7.299995422363281,83.68481,70.59464,111.93001,119.2300033569336,0
219,100,1,20,20,4.659996032714844,83.68481,70.59464,115.47001,120.1300048828125,0
220,100,1,21,21,2.1700057983398438,83.68481,70.59464,119.590004,121.760009765625,0
221,100,1,22,22,5.6999969482421875,83.68481,70.59464,119.590004,125.29000091552734,0
222,100,1,23,23,9.749992370605469,83.68481,70.59464,115.47001,125.22000122070312,0
223,100,1,24,24,8.189994812011719,83.68481,70.59464,115.47001,123.66000366210938,0
224,100,1,25,25,12.669998168945312,83.68481,70.59464,111.93001,124.60000610351562,0
225,100,2,26,1,1.279998779296875,83.68481,70.59464,116.020004,117.30000305175781,0
226,100,2,27,2,4.549995422363281,83.68481,70.59464,116.020004,120.56999969482422,0
227,100,2,28,3,3.1800079345703125,83.68481,70.59464,116.020004,119.20001220703125,0
228,100,2,29,4,-2.1199951171875,83.68481,70.59464,119.020004,116.90000915527344,0
229,100,2,30,5,0.6299972534179688,83.68481,70.59464,119.020004,119.6500015258789,0
230,100,2,31,6,-1.5100021362304688,83.68481,70.59464,119.020004,117.51000213623047,0
231,100,2,32,7,3.75,83.68481,70.59464,111.55,115.30000305175781,0
232,100,2,33,8,2.1999969482421875,83.68481,70.59464,116.32001,118.52000427246094,0
233,100,2,34,9,-1.2400054931640625,83.68481,70.59464,121.130005,119.88999938964844,0
234,100,2,35,10,3.9999923706054688,83.68481,70.59464,112.54001,116.54000091552734,0
235,100,2,36,11,0.1999969482421875,83.68481,70.59464,116.32001,116.52000427246094,0
236,100,2,37,12,3.8199996948242188,83.68481,70.59464,116.32001,120.14000701904297,0
237,100,2,38,13,7.189994812011719,83.68481,70.59464,112.54001,119.7300033569336,0
238,100,2,39,14,3.8199996948242188,83.68481,70.59464,112.54001,116.3600082397461,0
239,100,2,40,15,2.5500030517578125,83.68481,70.59464,115.43,117.9800033569336,0
240,100,2,41,16,5.040008544921875,83.68481,70.59464,115.43,120.47000885009766,0
241,100,2,42,17,2.1100082397460938,83.68481,70.59464,115.43,117.54000854492188,0
242,100,2,43,18,0.279998779296875,83.68481,70.59464,116.4,116.68000030517578,0
243,100,2,44,19,1.5000076293945312,83.68481,70.59464,116.4,117.90000915527344,0
244,100,2,45,20,5.2299957275390625,83.68481,70.59464,110.91,116.13999938964844,0
245,100,2,46,21,-3.92999267578125,83.68481,70.59464,117.22,113.29000854492188,0
246,100,2,47,22,-3.839996337890625,83.68481,70.59464,117.22,113.3800048828125,0
247,100,2,48,23,1.399993896484375,83.68481,70.59464,112.26001,113.66000366210938,0
248,100,2,49,24,-3.5399932861328125,83.68481,70.59464,117.22,113.68000793457031,0
249,100,2,50,25,4.459999084472656,83.68481,70.59464,111.93001,116.39000701904297,0
250,100,3,51,1,3.7099990844726562,83.68481,70.59464,106.39001,110.10000610351562,0
251,100,3,52,2,2.7300033569335938,83.68481,70.59464,106.39001,109.12001037597656,0
252,100,3,53,3,0.06999969482421875,83.68481,70.59464,109.240005,109.31000518798828,0
253,100,3,54,4,0.9799957275390625,83.68481,70.59464,109.240005,110.22000122070312,0
254,100,3,55,5,4.4600067138671875,83.68481,70.59464,109.240005,113.70001220703125,0
255,100,3,56,6,6.5699920654296875,83.68481,70.59464,109.15001,115.72000122070312,0
256,100,3,57,7,4.109992980957031,83.68481,70.59464,109.15001,113.26000213623047,0
257,100,3,58,8,4.569999694824219,83.68481,70.59464,109.15001,113.72000885009766,0
258,100,3,59,9,8.379989624023438,83.68481,70.59464,109.15001,117.52999877929688,0
259,100,3,60,10,8.180000305175781,83.68481,70.59464,109.15001,117.33000946044922,0
260,100,3,61,11,5.739990234375,83.68481,70.59464,109.15001,114.88999938964844,0
261,100,3,62,12,7.620002746582031,83.68481,70.59464,109.75,117.37000274658203,0
262,100,3,63,13,10.75,83.68481,70.59464,109.75,120.5,0
263,100,3,64,14,9.799995422363281,83.68481,70.59464,109.15001,118.95000457763672,0
264,100,3,65,15,7.980010986328125,83.68481,70.59464,109.75,117.73001098632812,0
265,100,3,66,16,7.5,83.68481,70.59464,113.64,121.13999938964844,0
266,100,3,67,17,8.889999389648438,83.68481,70.59464,113.64,122.52999877929688,0
267,100,3,68,18,5.819999694824219,83.68481,70.59464,113.64,119.45999908447266,0
268,100,3,69,19,6.370002746582031,83.68481,70.59464,113.64,120.01000213623047,0
269,100,3,70,20,10.100006103515625,83.68481,70.59464,113.64,123.74000549316406,0
270,100,3,71,21,9.760002136230469,83.68481,70.59464,113.64,123.4000015258789,0
271,100,3,72,22,6.529998779296875,83.68481,70.59464,113.64,120.16999816894531,0
272,100,3,73,23,3.7099990844726562,83.68481,70.59464,116.590004,120.30000305175781,0
273,100,3,74,24,7.3600006103515625,83.68481,70.59464,116.590004,123.95000457763672,0
274,100,3,75,25,8.180000305175781,83.68481,70.59464,116.590004,124.77000427246094,0
275,100,4,76,1,0.21999359130859375,83.68481,70.59464,111.740005,111.95999908447266,0
276,100,4,77,2,-4.410003662109375,83.68481,70.59464,116.8,112.38999938964844,0
277,100,4,78,3,-0.8199996948242188,83.68481,70.59464,116.8,115.9800033569336,0
278,100,4,79,4,1.1700057983398438,83.68481,70.59464,116.8,117.97000885009766,0
279,100,4,80,5,4.599998474121094,83.68481,70.59464,116.8,121.4000015258789,0
280,100,4,81,6,6.480010986328125,83.68481,70.59464,116.8,123.28001403808594,0
281,100,4,82,7,4.5200042724609375,83.68481,70.59464,116.8,121.32000732421875,0
282,100,4,83,8,5.1300048828125,83.68481,70.59464,116.8,121.93000793457031,0
283,100,4,84,9,8.44000244140625,83.68481,70.59464,116.14,124.58000183105469,0
284,100,4,85,10,7.250007629394531,83.68481,70.59464,116.14,123.39000701904297,0
285,100,4,86,11,3.5800018310546875,83.68481,70.59464,116.14,119.72000122070312,0
286,100,4,87,12,4.760002136230469,83.68481,70.59464,116.14,120.9000015258789,0
287,100,4,88,13,6.760009765625,83.68481,70.59464,116.14,122.90000915527344,0
288,100,4,89,14,3.600006103515625,83.68481,70.59464,116.14,119.74000549316406,0
289,100,4,90,15,4.6300048828125,83.68481,70.59464,113.47,118.10000610351562,0
290,100,4,91,16,6.5399932861328125,83.68481,70.59464,114.29001,120.83000183105469,0
291,100,4,92,17,7.6699981689453125,83.68481,70.59464,114.29001,121.96000671386719,0
292,100,4,93,18,4.319999694824219,83.68481,70.59464,114.29001,118.6100082397461,0
293,100,4,94,19,3.7799911499023438,83.68481,70.59464,114.29001,118.06999969482422,0
294,100,4,95,20,0.75,83.68481,70.59464,114.29001,115.04000854492188,0
295,100,4,96,21,0.3899993896484375,83.68481,70.59464,114.29001,114.68000793457031,0
296,100,4,97,22,4.25,83.68481,70.59464,114.16,118.41000366210938,0
297,100,4,98,23,5.7299957275390625,83.68481,70.59464,114.16,119.88999938964844,0
298,100,4,99,24,9.420005798339844,83.68481,70.59464,114.16,123.58000946044922,0
299,100,4,100,25,8.989990234375,83.68481,70.59464,116.91001,125.9000015258789,0
300,100,5,101,1,-1.0100021362304688,83.68481,70.59464,113.57001,112.56000518798828,0
301,100,5,102,2,-2.57000732421875,83.68481,70.59464,113.57001,111.0,0
302,100,5,103,3,1.5500030517578125,83.68481,70.59464,110.91,112.46000671386719,0
303,100,5,104,4,4.6699981689453125,83.68481,70.59464,110.91,115.58000183105469,0
304,100,5,105,5,5.0699920654296875,83.68481,70.59464,113.57001,118.63999938964844,0
305,100,5,106,6,9.060005187988281,83.68481,70.59464,110.91,119.97000885009766,0
306,100,5,107,7,6.0200042724609375,83.68481,70.59464,110.91,116.93000793457031,0
307,100,5,108,8,4.0999908447265625,83.68481,70.59464,113.57001,117.66999816894531,0
308,100,5,109,9,8.029998779296875,83.68481,70.59464,113.270004,121.30000305175781,0
309,100,5,110,10,6.700004577636719,83.68481,70.59464,113.270004,119.97000885009766,0
310,100,5,111,11,4.25,83.68481,70.59464,113.270004,117.52000427246094,0
311,100,5,112,12,7.8600006103515625,83.68481,70.59464,112.68001,120.54000854492188,0
312,100,5,113,13,9.510002136230469,83.68481,70.59464,113.270004,122.7800064086914,0
313,100,5,114,14,7.060005187988281,83.68481,70.59464,113.130005,120.19001007080078,0
314,100,5,115,15,3.4300003051757812,83.68481,70.59464,116.25001,119.68000793457031,0
315,100,5,116,16,7.149993896484375,83.68481,70.59464,116.25001,123.4000015258789,0
316,100,5,117,17,9.600006103515625,83.68481,70.59464,113.130005,122.73001098632812,0
317,100,5,118,18,6.410003662109375,83.68481,70.59464,113.130005,119.54000854492188,0
318,100,5,119,19,4.7299957275390625,83.68481,70.59464,116.25001,120.9800033569336,0
319,100,5,120,20,4.609992980957031,83.68481,70.59464,116.25001,120.86000061035156,0
320,100,5,121,21,7.75,83.68481,70.59464,116.25001,124.00000762939453,0
321,100,5,122,22,8.860000610351562,83.68481,70.59464,116.25001,125.1100082397461,0
322,100,5,123,23,9.830001831054688,83.68481,70.59464,116.25001,126.08000946044922,0
323,100,5,124,24,12.590003967285156,83.68481,70.59464,112.920006,125.510009765625,0
324,100,5,125,25,13.769996643066406,83.68481,70.59464,112.920006,126.69000244140625,0
325,100,6,126,1,2.1699981689453125,83.68481,70.59464,114.40001,116.57000732421875,0
326,100,6,127,2,3.6599960327148438,83.68481,70.59464,114.40001,118.06000518798828,0
327,100,6,128,3,4.4799957275390625,83.68481,70.59464,114.40001,118.8800048828125,0
328,100,6,129,4,4.5099945068359375,83.68481,70.59464,114.40001,118.91000366210938,0
329,100,6,130,5,3.7699966430664062,83.68481,70.59464,118.84001,122.6100082397461,0
330,100,6,131,6,8.830001831054688,83.68481,70.59464,114.700005,123.5300064086914,0
331,100,6,132,7,5.540000915527344,83.68481,70.59464,114.700005,120.24000549316406,0
332,100,6,133,8,1.739990234375,83.68481,70.59464,118.84001,120.58000183105469,0
333,100,6,134,9,5.339988708496094,83.68481,70.59464,118.84001,124.18000030517578,0
334,100,6,135,10,6.1999969482421875,83.68481,70.59464,116.70001,122.90000915527344,0
335,100,6,136,11,3.339996337890625,83.68481,70.59464,116.70001,120.04000854492188,0
336,100,6,137,12,3.8599929809570312,83.68481,70.59464,118.84001,122.70000457763672,0
337,100,6,138,13,8.669990539550781,83.68481,70.59464,115.65001,124.31999969482422,0
338,100,6,139,14,5.1999969482421875,83.68481,70.59464,115.65001,120.85000610351562,0
339,100,6,140,15,4.219993591308594,83.68481,70.59464,115.65001,119.87000274658203,0
340,100,6,141,16,7.469993591308594,83.68481,70.59464,115.65001,123.12000274658203,0
341,100,6,142,17,7.489990234375,83.68481,70.59464,115.65001,123.13999938964844,0
342,100,6,143,18,3.8899993896484375,83.68481,70.59464,115.65001,119.54000854492188,0
343,100,6,144,19,1.8599929809570312,83.68481,70.59464,115.65001,117.51000213623047,0
344,100,6,145,20,-1.45001220703125,83.68481,70.59464,115.65001,114.19999694824219,0
345,100,6,146,21,-0.17000579833984375,83.68481,70.59464,115.65001,115.4800033569336,0
346,100,6,147,22,2.6899948120117188,83.68481,70.59464,115.65001,118.34000396728516,0
347,100,6,148,23,1.7699966430664062,83.68481,70.59464,115.600006,117.37000274658203,0
348,100,6,149,24,4.549995422363281,83.68481,70.59464,115.65001,120.20000457763672,0
349,100,6,150,25,6.290008544921875,83.68481,70.59464,114.06,120.35000610351562,0
350,100,7,151,1,-2.3499908447265625,83.68481,70.59464,122.16,119.81001281738281,0
351,100,7,152,2,-1.8199996948242188,83.68481,70.59464,122.16,120.34000396728516,0
352,100,7,153,3,1.6100006103515625,83.68481,70.59464,118.98001,120.59001159667969,0
353,100,7,154,4,4.180000305175781,83.68481,70.59464,118.98001,123.1600112915039,0
354,100,7,155,5,3.029998779296875,83.68481,70.59464,123.68001,126.71000671386719,0
355,100,7,156,6,3.529998779296875,83.68481,70.59464,123.68001,127.21000671386719,0
356,100,7,157,7,5.0399932861328125,83.68481,70.59464,118.98001,124.02000427246094,0
357,100,7,158,8,5.4199981689453125,83.68481,70.59464,118.98001,124.40000915527344,0
358,100,7,159,9,7.200004577636719,83.68481,70.59464,120.68001,127.88001251220703,0
359,100,7,160,10,5.950004577636719,83.68481,70.59464,120.68001,126.63001251220703,0
360,100,7,161,11,3.1399993896484375,83.68481,70.59464,120.68001,123.82000732421875,0
361,100,7,162,12,5.819999694824219,83.68481,70.59464,120.52001,126.34001159667969,0
362,100,7,163,13,8.359992980957031,83.68481,70.59464,120.52001,128.8800048828125,0
363,100,7,164,14,5.629997253417969,83.68481,70.59464,120.52001,126.15000915527344,0
364,100,7,165,15,3.8899993896484375,83.68481,70.59464,120.52001,124.4100112915039,0
365,100,7,166,16,6.889991760253906,83.68481,70.59464,120.52001,127.41000366210938,0
366,100,7,167,17,7.929985046386719,83.68481,70.59464,120.52001,128.4499969482422,0
367,100,7,168,18,4.839988708496094,83.68481,70.59464,120.52001,125.36000061035156,0
368,100,7,169,19,5.6100006103515625,83.68481,70.59464,119.62001,125.23001098632812,0
369,100,7,170,20,5.170005798339844,83.68481,70.59464,121.73,126.90000915527344,0
370,100,7,171,21,7.519996643066406,83.68481,70.59464,119.62001,127.14000701904297,0
371,100,7,172,22,7.4900054931640625,83.68481,70.59464,119.25,126.74000549316406,0
372,100,7,173,23,5.6500091552734375,83.68481,70.59464,119.25,124.90000915527344,0
373,100,7,174,24,3.4000015258789062,83.68481,70.59464,122.770004,126.17000579833984,0
374,100,7,175,25,5.4799957275390625,83.68481,70.59464,122.770004,128.25,0
375,100,8,176,1,-1.5399932861328125,83.68481,70.59464,124.630005,123.09001159667969,0
376,100,8,177,2,-3.6300048828125,83.68481,70.59464,124.630005,121.0,0
377,100,8,178,3,1.0099945068359375,83.68481,70.59464,122.19001,123.20000457763672,0
378,100,8,179,4,0.2100067138671875,83.68481,70.59464,125.71001,125.92001342773438,0
379,100,8,180,5,6.650001525878906,83.68481,70.59464,122.19001,128.8400115966797,0
380,100,8,181,6,4.1500091552734375,83.68481,70.59464,125.71001,129.86001586914062,0
381,100,8,182,7,5.069999694824219,83.68481,70.59464,121.670006,126.74000549316406,0
382,100,8,183,8,4.0399932861328125,83.68481,70.59464,122.19001,126.2300033569336,0
383,100,8,184,9,7.340003967285156,83.68481,70.59464,122.19001,129.53001403808594,0
384,100,8,185,10,6.089996337890625,83.68481,70.59464,122.40001,128.49000549316406,0
385,100,8,186,11,2.7399978637695312,83.68481,70.59464,122.40001,125.14000701904297,0
386,100,8,187,12,4.6699981689453125,83.68481,70.59464,122.41,127.08000183105469,0
387,100,8,188,13,7.05999755859375,83.68481,70.59464,122.40001,129.4600067138672,0
388,100,8,189,14,4.1100006103515625,83.68481,70.59464,122.40001,126.510009765625,0
389,100,8,190,15,2.2700042724609375,83.68481,70.59464,122.40001,124.67001342773438,0
390,100,8,191,16,1.5799942016601562,83.68481,70.59464,126.22001,127.80000305175781,0
391,100,8,192,17,2.2199935913085938,83.68481,70.59464,126.22001,128.44000244140625,0
392,100,8,193,18,4.519996643066406,83.68481,70.59464,126.22001,130.74000549316406,0
393,100,8,194,19,3.1599960327148438,83.68481,70.59464,126.22001,129.3800048828125,0
394,100,8,195,20,-0.0500030517578125,83.68481,70.59464,126.22001,126.17000579833984,0
395,100,8,196,21,6.2700042724609375,83.68481,70.59464,121.740005,128.010009765625,0
396,100,8,197,22,5.290008544921875,83.68481,70.59464,121.740005,127.03001403808594,0
397,100,8,198,23,1.089996337890625,83.68481,70.59464,123.68001,124.77000427246094,0
398,100,8,199,24,-0.5600051879882812,83.68481,70.59464,123.68001,123.12000274658203,0
399,100,8,200,25,-2.3300018310546875,83.68481,70.59464,123.68001,121.35000610351562,0
400,200,1,1,1,3.0399932861328125,82.71287,70.51974,109.54001,112.58000183105469,0
401,200,1,2,2,5.430000305175781,82.71287,70.51974,109.54001,114.97000885009766,0
402,200,1,3,3,0.239990234375,82.71287,70.51974,114.01001,114.25,0
403,200,1,4,4,2.279998779296875,82.71287,70.51974,114.01001,116.29000854492188,0
404,200,1,5,5,9.44000244140625,82.71287,70.51974,109.61,119.05000305175781,0
405,200,1,6,6,8.82000732421875,82.71287,70.51974,109.61,118.43000793457031,0
406,200,1,7,7,5.250007629394531,82.71287,70.51974,109.61,114.8600082397461,0
407,200,1,8,8,6.050010681152344,82.71287,70.51974,109.61,115.6600112915039,0
408,200,1,9,9,8.760009765625,82.71287,70.51974,109.61,118.37001037597656,0
409,200,1,10,10,8.449989318847656,82.71287,70.51974,107.45001,115.9000015258789,0
410,200,1,11,11,4.760002136230469,82.71287,70.51974,108.590004,113.35000610351562,0
411,200,1,12,12,6.9799957275390625,82.71287,70.51974,108.590004,115.56999969482422,0
412,200,1,13,13,8.299995422363281,82.71287,70.51974,108.590004,116.88999938964844,0
413,200,1,14,14,4.930000305175781,82.71287,70.51974,108.590004,113.52000427246094,0
414,200,1,15,15,3.4000015258789062,82.71287,70.51974,108.590004,111.99000549316406,0
415,200,1,16,16,7.94000244140625,82.71287,70.51974,106.350006,114.29000854492188,0
416,200,1,17,17,4.25,82.71287,70.51974,107.61001,111.8600082397461,0
417,200,1,18,18,7.4199981689453125,82.71287,70.51974,107.32001,114.74000549316406,0
418,200,1,19,19,7.5800018310546875,82.71287,70.51974,107.32001,114.90000915527344,0
419,200,1,20,20,10.290000915527344,82.71287,70.51974,107.32001,117.6100082397461,0
420,200,1,21,21,11.269996643066406,82.71287,70.51974,107.32001,118.59000396728516,0
421,200,1,22,22,8.819999694824219,82.71287,70.51974,110.08,118.9000015258789,0
422,200,1,23,23,12.480003356933594,82.71287,70.51974,110.08,122.56000518798828,0
423,200,1,24,24,14.099998474121094,82.71287,70.51974,110.08,124.18000030517578,0
424,200,1,25,25,17.280006408691406,82.71287,70.51974,110.08,127.3600082397461,0
425,200,2,26,1,0.899993896484375,82.71287,70.51974,110.380005,111.27999877929688,0
426,200,2,27,2,4.280006408691406,82.71287,70.51974,107.560005,111.84001159667969,0
427,200,2,28,3,4.9799957275390625,82.71287,70.51974,108.79001,113.77000427246094,0
428,200,2,29,4,2.2700042724609375,82.71287,70.51974,108.79001,111.06001281738281,0
429,200,2,30,5,4.1199951171875,82.71287,70.51974,108.79001,112.91000366210938,0
430,200,2,31,6,1.25,82.71287,70.51974,108.79001,110.04000854492188,0
431,200,2,32,7,2.5999984741210938,82.71287,70.51974,107.240005,109.84000396728516,0
432,200,2,33,8,-1.5500106811523438,82.71287,70.51974,115.09001,113.54000091552734,0
433,200,2,34,9,6.19000244140625,82.71287,70.51974,107.240005,113.43000793457031,0
434,200,2,35,10,3.1100006103515625,82.71287,70.51974,107.240005,110.35000610351562,0
435,200,2,36,11,4.909996032714844,82.71287,70.51974,107.240005,112.1500015258789,0
436,200,2,37,12,7.9799957275390625,82.71287,70.51974,107.240005,115.22000122070312,0
437,200,2,38,13,2.6700057983398438,82.71287,70.51974,110.350006,113.02001190185547,0
438,200,2,39,14,3.470001220703125,82.71287,70.51974,107.87001,111.34001159667969,0
439,200,2,40,15,6.999992370605469,82.71287,70.51974,107.87001,114.87000274658203,0
440,200,2,41,16,5.769996643066406,82.71287,70.51974,110.350006,116.12000274658203,0
441,200,2,42,17,2.5799942016601562,82.71287,70.51974,110.350006,112.93000030517578,0
442,200,2,43,18,-0.34999847412109375,82.71287,70.51974,110.350006,110.00000762939453,0
443,200,2,44,19,-0.0500030517578125,82.71287,70.51974,110.350006,110.30000305175781,0
444,200,2,45,20,2.459991455078125,82.71287,70.51974,105.490005,107.94999694824219,0
445,200,2,46,21,-1.0799942016601562,82.71287,70.51974,105.490005,104.4100112915039,0
446,200,2,47,22,-3.350006103515625,82.71287,70.51974,107.32001,103.97000122070312,0
447,200,2,48,23,-2.8100051879882812,82.71287,70.51974,107.32001,104.51000213623047,0
448,200,2,49,24,-3.3499984741210938,82.71287,70.51974,106.93001,103.58000946044922,0
449,200,2,50,25,0.05999755859375,82.71287,70.51974,106.350006,106.41000366210938,0
450,200,3,51,1,-0.4900054931640625,82.71287,70.51974,115.47001,114.9800033569336,0
451,200,3,52,2,-4.4900054931640625,82.71287,70.51974,117.28001,112.79000091552734,0
452,200,3,53,3,-1.0099945068359375,82.71287,70.51974,114.100006,113.09001159667969,0
453,200,3,54,4,5.220001220703125,82.71287,70.51974,110.380005,115.60000610351562,0
454,200,3,55,5,5.279998779296875,82.71287,70.51974,114.100006,119.3800048828125,0
455,200,3,56,6,5.6399993896484375,82.71287,70.51974,114.100006,119.74000549316406,0
456,200,3,57,7,2.75,82.71287,70.51974,114.100006,116.85000610351562,0
457,200,3,58,8,4.25,82.71287,70.51974,114.100006,118.35000610351562,0
458,200,3,59,9,7.470001220703125,82.71287,70.51974,114.100006,121.57000732421875,0
459,200,3,60,10,4.370002746582031,82.71287,70.51974,115.29,119.66000366210938,0
460,200,3,61,11,2.2300033569335938,82.71287,70.51974,115.29,117.52000427246094,0
461,200,3,62,12,5.4600067138671875,82.71287,70.51974,115.29,120.75000762939453,0
462,200,3,63,13,6.930000305175781,82.71287,70.51974,115.29,122.22000122070312,0
463,200,3,64,14,3.8300094604492188,82.71287,70.51974,115.29,119.12001037597656,0
464,200,3,65,15,4.190010070800781,82.71287,70.51974,115.29,119.48001098632812,0
465,200,3,66,16,7.940010070800781,82.71287,70.51974,115.29,123.23001098632812,0
466,200,3,67,17,6.920005798339844,82.71287,70.51974,115.29,122.21000671386719,0
467,200,3,68,18,4.510002136230469,82.71287,70.51974,115.29,119.80000305175781,0
468,200,3,69,19,7.040008544921875,82.71287,70.51974,115.29,122.33000946044922,0
469,200,3,70,20,9.340003967285156,82.71287,70.51974,115.29,124.6300048828125,0
470,200,3,71,21,6.180000305175781,82.71287,70.51974,115.29,121.47000122070312,0
471,200,3,72,22,4.9600067138671875,82.71287,70.51974,115.29,120.25000762939453,0
472,200,3,73,23,6.350006103515625,82.71287,70.51974,115.29,121.64000701904297,0
473,200,3,74,24,4.1300048828125,82.71287,70.51974,115.29,119.42000579833984,0
474,200,3,75,25,4.910003662109375,82.71287,70.51974,115.29,120.20000457763672,0
475,200,4,76,1,-1.0799942016601562,82.71287,70.51974,113.62,112.54000854492188,0
476,200,4,77,2,-2.4499969482421875,82.71287,70.51974,113.62,111.17000579833984,0
477,200,4,78,3,-1.1399993896484375,82.71287,70.51974,113.62,112.4800033569336,0
478,200,4,79,4,0.04000091552734375,82.71287,70.51974,113.62,113.66000366210938,0
479,200,4,80,5,3.7100067138671875,82.71287,70.51974,113.62,117.33000946044922,0
480,200,4,81,6,4.8300018310546875,82.71287,70.51974,113.62,118.45000457763672,0
481,200,4,82,7,0.06999969482421875,82.71287,70.51974,116.18001,116.25000762939453,0
482,200,4,83,8,1.1399993896484375,82.71287,70.51974,116.18001,117.32000732421875,0
483,200,4,84,9,4.659996032714844,82.71287,70.51974,116.18001,120.84000396728516,0
484,200,4,85,10,3.1699981689453125,82.71287,70.51974,116.18001,119.35000610351562,0
485,200,4,86,11,1.2399978637695312,82.71287,70.51974,116.18001,117.42000579833984,0
486,200,4,87,12,4.489997863769531,82.71287,70.51974,116.18001,120.67000579833984,0
487,200,4,88,13,6.469993591308594,82.71287,70.51974,116.18001,122.6500015258789,0
488,200,4,89,14,4.1199951171875,82.71287,70.51974,116.18001,120.30000305175781,0
489,200,4,90,15,3.989990234375,82.71287,70.51974,116.18001,120.16999816894531,0
490,200,4,91,16,7.7299957275390625,82.71287,70.51974,116.18001,123.91000366210938,0
491,200,4,92,17,7.2899932861328125,82.71287,70.51974,116.18001,123.47000122070312,0
492,200,4,93,18,6.9199981689453125,82.71287,70.51974,116.18001,123.10000610351562,0
493,200,4,94,19,4.3600006103515625,82.71287,70.51974,116.18001,120.54000854492188,0
494,200,4,95,20,4.249992370605469,82.71287,70.51974,116.18001,120.43000030517578,0
495,200,4,96,21,3.9599990844726562,82.71287,70.51974,116.18001,120.14000701904297,0
496,200,4,97,22,0.4499969482421875,82.71287,70.51974,116.18001,116.6300048828125,0
497,200,4,98,23,-0.7700042724609375,82.71287,70.51974,116.18001,115.41000366210938,0
498,200,4,99,24,-0.9300003051757812,82.71287,70.51974,116.18001,115.25000762939453,0
499,200,4,100,25,-3.69000244140625,82.71287,70.51974,116.18001,112.49000549316406,0
500,200,5,101,1,-1.8799972534179688,82.71287,70.51974,112.490005,110.6100082397461,0
501,200,5,102,2,2.8900070190429688,82.71287,70.51974,104.94,107.83000946044922,0
502,200,5,103,3,1.9800033569335938,82.71287,70.51974,105.490005,107.47000885009766,0
503,200,5,104,4,4.5,82.71287,70.51974,105.490005,109.99000549316406,0
504,200,5,105,5,1.1699981689453125,82.71287,70.51974,112.490005,113.66000366210938,0
505,200,5,106,6,8.289993286132812,82.71287,70.51974,105.490005,113.77999877929688,0
506,200,5,107,7,4.30999755859375,82.71287,70.51974,106.84001,111.15000915527344,0
507,200,5,108,8,6.3899993896484375,82.71287,70.51974,106.84001,113.23001098632812,0
508,200,5,109,9,3.9199981689453125,82.71287,70.51974,112.490005,116.41000366210938,0
509,200,5,110,10,4.720001220703125,82.71287,70.51974,110.08,114.80000305175781,0
510,200,5,111,11,3.910003662109375,82.71287,70.51974,110.08,113.99000549316406,0
511,200,5,112,12,6.44000244140625,82.71287,70.51974,111.270004,117.71000671386719,0
512,200,5,113,13,8.839996337890625,82.71287,70.51974,110.08,118.91999816894531,0
513,200,5,114,14,5.8400115966796875,82.71287,70.51974,110.08,115.92001342773438,0
514,200,5,115,15,4.8899993896484375,82.71287,70.51974,111.270004,116.16000366210938,0
515,200,5,116,16,8.350006103515625,82.71287,70.51974,111.270004,119.62001037597656,0
516,200,5,117,17,8.270004272460938,82.71287,70.51974,111.8,120.07000732421875,0
517,200,5,118,18,5.110008239746094,82.71287,70.51974,111.8,116.9100112915039,0
518,200,5,119,19,0.1399993896484375,82.71287,70.51974,117.030014,117.17001342773438,0
519,200,5,120,20,-0.01999664306640625,82.71287,70.51974,115.060005,115.04000854492188,0
520,200,5,121,21,-3.350006103515625,82.71287,70.51974,115.240005,111.88999938964844,0
521,200,5,122,22,-2.779998779296875,82.71287,70.51974,115.240005,112.46000671386719,0
522,200,5,123,23,0.04000091552734375,82.71287,70.51974,115.21001,115.25000762939453,0
523,200,5,124,24,0.7699966430664062,82.71287,70.51974,115.21001,115.9800033569336,0
524,200,5,125,25,-0.20999908447265625,82.71287,70.51974,115.21001,115.00000762939453,0
525,200,6,126,1,2.4699935913085938,82.71287,70.51974,112.060005,114.52999877929688,0
526,200,6,127,2,3.8600006103515625,82.71287,70.51974,114.29001,118.15000915527344,0
527,200,6,128,3,5.9499969482421875,82.71287,70.51974,114.29001,120.24000549316406,0
528,200,6,129,4,4.67999267578125,82.71287,70.51974,114.29001,118.97000122070312,0
529,200,6,130,5,7.069999694824219,82.71287,70.51974,114.29001,121.3600082397461,0
530,200,6,131,6,7.269989013671875,82.71287,70.51974,114.29001,121.55999755859375,0
531,200,6,132,7,3.4899978637695312,82.71287,70.51974,114.29001,117.7800064086914,0
532,200,6,133,8,7.209999084472656,82.71287,70.51974,109.880005,117.09000396728516,0
533,200,6,134,9,9.830001831054688,82.71287,70.51974,109.880005,119.71000671386719,0
534,200,6,135,10,8.040000915527344,82.71287,70.51974,109.880005,117.92000579833984,0
535,200,6,136,11,4.6399993896484375,82.71287,70.51974,109.880005,114.52000427246094,0
536,200,6,137,12,5.9799957275390625,82.71287,70.51974,109.880005,115.86000061035156,0
537,200,6,138,13,7.3300018310546875,82.71287,70.51974,109.880005,117.21000671386719,0
538,200,6,139,14,3.720001220703125,82.71287,70.51974,109.880005,113.60000610351562,0
539,200,6,140,15,2.220001220703125,82.71287,70.51974,109.880005,112.10000610351562,0
540,200,6,141,16,4.0500030517578125,82.71287,70.51974,109.880005,113.93000793457031,0
541,200,6,142,17,1.1100006103515625,82.71287,70.51974,109.880005,110.99000549316406,0
542,200,6,143,18,0.8199996948242188,82.71287,70.51974,109.880005,110.70000457763672,0
543,200,6,144,19,3.0100021362304688,82.71287,70.51974,109.880005,112.89000701904297,0
544,200,6,145,20,1.2900009155273438,82.71287,70.51974,109.880005,111.17000579833984,0
545,200,6,146,21,0.26999664306640625,82.71287,70.51974,109.880005,110.1500015258789,0
546,200,6,147,22,3.6199951171875,82.71287,70.51974,109.880005,113.5,0
547,200,6,148,23,6.3300018310546875,82.71287,70.51974,109.880005,116.21000671386719,0
548,200,6,149,24,9.449996948242188,82.71287,70.51974,109.880005,119.33000183105469,0
549,200,6,150,25,10.990005493164062,82.71287,70.51974,109.880005,120.87001037597656,0
550,200,7,151,1,-0.4900054931640625,82.71287,70.51974,109.12001,108.6300048828125,0
551,200,7,152,2,1.2600021362304688,82.71287,70.51974,105.62,106.8800048828125,0
552,200,7,153,3,-0.05998992919921875,82.71287,70.51974,108.36,108.30001068115234,0
553,200,7,154,4,2.4400100708007812,82.71287,70.51974,108.36,110.80001068115234,0
554,200,7,155,5,5.9900054931640625,82.71287,70.51974,108.36,114.35000610351562,0
555,200,7,156,6,6.600006103515625,82.71287,70.51974,108.36,114.96000671386719,0
556,200,7,157,7,3.529998779296875,82.71287,70.51974,108.36,111.88999938964844,0
557,200,7,158,8,4.700004577636719,82.71287,70.51974,108.36,113.06000518798828,0
558,200,7,159,9,8.160003662109375,82.71287,70.51974,108.36,116.52000427246094,0
559,200,7,160,10,5.970001220703125,82.71287,70.51974,109.37,115.34000396728516,0
560,200,7,161,11,3.6500091552734375,82.71287,70.51974,109.37,113.02001190185547,0
561,200,7,162,12,3.6500015258789062,82.71287,70.51974,112.11,115.76000213623047,0
562,200,7,163,13,8.849998474121094,82.71287,70.51974,109.37,118.22000122070312,0
563,200,7,164,14,3.1800003051757812,82.71287,70.51974,112.97001,116.15000915527344,0
564,200,7,165,15,5.209999084472656,82.71287,70.51974,110.200005,115.41000366210938,0
565,200,7,166,16,3.089996337890625,82.71287,70.51974,115.79001,118.8800048828125,0
566,200,7,167,17,7.529991149902344,82.71287,70.51974,112.97001,120.5,0
567,200,7,168,18,5.9799957275390625,82.71287,70.51974,112.97001,118.95000457763672,0
568,200,7,169,19,4.089996337890625,82.71287,70.51974,115.16,119.25,0
569,200,7,170,20,7.6999969482421875,82.71287,70.51974,115.16,122.86000061035156,0
570,200,7,171,21,6.6399993896484375,82.71287,70.51974,115.3,121.94000244140625,0
571,200,7,172,22,3.4799957275390625,82.71287,70.51974,119.15001,122.6300048828125,0
572,200,7,173,23,4.480003356933594,82.71287,70.51974,115.3,119.7800064086914,0
573,200,7,174,24,2.9599990844726562,82.71287,70.51974,115.3,118.26000213623047,0
574,200,7,175,25,-0.15000152587890625,82.71287,70.51974,115.3,115.1500015258789,0
575,200,8,176,1,-0.19000244140625,82.71287,70.51974,109.91,109.72000122070312,0
576,200,8,177,2,-0.6100082397460938,82.71287,70.51974,110.07001,109.45999908447266,0
577,200,8,178,3,2.7899932861328125,82.71287,70.51974,110.09001,112.8800048828125,0
578,200,8,179,4,5.8000030517578125,82.71287,70.51974,110.07001,115.87001037597656,0
579,200,8,180,5,8.019996643066406,82.71287,70.51974,110.09001,118.1100082397461,0
580,200,8,181,6,9.080001831054688,82.71287,70.51974,110.07001,119.15000915527344,0
581,200,8,182,7,5.3300018310546875,82.71287,70.51974,110.07001,115.40000915527344,0
582,200,8,183,8,4.709991455078125,82.71287,70.51974,110.09001,114.80000305175781,0
583,200,8,184,9,5.709999084472656,82.71287,70.51974,112.00001,117.71000671386719,0
584,200,8,185,10,4.139991760253906,82.71287,70.51974,112.00001,116.13999938964844,0
585,200,8,186,11,0.7699966430664062,82.71287,70.51974,112.00001,112.77000427246094,0
586,200,8,187,12,4.310005187988281,82.71287,70.51974,110.100006,114.4100112915039,0
587,200,8,188,13,4.159996032714844,82.71287,70.51974,112.00001,116.16000366210938,0
588,200,8,189,14,0.8799972534179688,82.71287,70.51974,112.00001,112.8800048828125,0
589,200,8,190,15,4.0,82.71287,70.51974,107.380005,111.3800048828125,0
590,200,8,191,16,4.3199920654296875,82.71287,70.51974,107.380005,111.69999694824219,0
591,200,8,192,17,0.9499969482421875,82.71287,70.51974,108.66,109.61000061035156,0
592,200,8,193,18,3.3300018310546875,82.71287,70.51974,106.76001,110.09001159667969,0
593,200,8,194,19,6.3699951171875,82.71287,70.51974,106.76001,113.1300048828125,0
594,200,8,195,20,5.709999084472656,82.71287,70.51974,106.76001,112.47000885009766,0
595,200,8,196,21,5.8699951171875,82.71287,70.51974,109.12001,114.99000549316406,0
596,200,8,197,22,4.899993896484375,82.71287,70.51974,109.12001,114.02000427246094,0
597,200,8,198,23,3.1999969482421875,82.71287,70.51974,108.65001,111.85000610351562,0
598,200,8,199,24,1.5999984741210938,82.71287,70.51974,107.16,108.76000213623047,0
599,200,8,200,25,2.44000244140625,82.71287,70.51974,107.16,109.60000610351562,0
600,300,1,1,1,-2.089996337890625,83.213234,71.04566,118.26,116.17000579833984,0
601,300,1,2,2,3.3499984741210938,83.213234,71.04566,113.72001,117.07000732421875,0
602,300,1,3,3,2.1500015258789062,83.213234,71.04566,114.97001,117.12001037597656,0
603,300,1,4,4,4.849998474121094,83.213234,71.04566,114.97001,119.82000732421875,0
604,300,1,5,5,7.9199981689453125,83.213234,71.04566,114.97001,122.89000701904297,0
605,300,1,6,6,4.010002136230469,83.213234,71.04566,118.32001,122.33000946044922,0
606,300,1,7,7,6.3600006103515625,83.213234,71.04566,112.380005,118.74000549316406,0
607,300,1,8,8,5.0,83.213234,71.04566,114.58,119.58000183105469,0
608,300,1,9,9,7.620002746582031,83.213234,71.04566,114.58,122.20000457763672,0
609,300,1,10,10,4.879997253417969,83.213234,71.04566,114.58,119.45999908447266,0
610,300,1,11,11,2.5699996948242188,83.213234,71.04566,114.58,117.1500015258789,0
611,300,1,12,12,4.910003662109375,83.213234,71.04566,114.58,119.49000549316406,0
612,300,1,13,13,7.299995422363281,83.213234,71.04566,113.53001,120.83000183105469,0
613,300,1,14,14,3.80999755859375,83.213234,71.04566,113.53001,117.34000396728516,0
614,300,1,15,15,3.0400009155273438,83.213234,71.04566,113.53001,116.57000732421875,0
615,300,1,16,16,5.760002136230469,83.213234,71.04566,113.53001,119.29000854492188,0
616,300,1,17,17,1.2699966430664062,83.213234,71.04566,117.64001,118.91000366210938,0
617,300,1,18,18,1.6399993896484375,83.213234,71.04566,117.64001,119.2800064086914,0
618,300,1,19,19,5.209999084472656,83.213234,71.04566,117.64001,122.85000610351562,0
619,300,1,20,20,6.0800018310546875,83.213234,71.04566,117.64001,123.72000885009766,0
620,300,1,21,21,5.05999755859375,83.213234,71.04566,117.64001,122.70000457763672,0
621,300,1,22,22,10.150009155273438,83.213234,71.04566,115.36,125.510009765625,0
622,300,1,23,23,12.389991760253906,83.213234,71.04566,114.29001,126.68000030517578,0
623,300,1,24,24,6.94000244140625,83.213234,71.04566,118.340004,125.2800064086914,0
624,300,1,25,25,8.580001831054688,83.213234,71.04566,118.340004,126.92000579833984,0
625,300,2,26,1,-3.5699920654296875,83.213234,71.04566,120.43,116.8600082397461,0
626,300,2,27,2,-3.17999267578125,83.213234,71.04566,116.97,113.79000854492188,0
627,300,2,28,3,1.5499954223632812,83.213234,71.04566,111.34001,112.89000701904297,0
628,300,2,29,4,2.9199981689453125,83.213234,71.04566,111.34001,114.260009765625,0
629,300,2,30,5,3.8699951171875,83.213234,71.04566,111.34001,115.21000671386719,0
630,300,2,31,6,1.4499893188476562,83.213234,71.04566,111.34001,112.79000091552734,0
631,300,2,32,7,1.4000015258789062,83.213234,71.04566,112.23,113.6300048828125,0
632,300,2,33,8,3.9499969482421875,83.213234,71.04566,113.32001,117.27000427246094,0
633,300,2,34,9,-3.3300018310546875,83.213234,71.04566,120.00001,116.67000579833984,0
634,300,2,35,10,1.9799957275390625,83.213234,71.04566,112.89001,114.87000274658203,0
635,300,2,36,11,4.829994201660156,83.213234,71.04566,112.89001,117.72000122070312,0
636,300,2,37,12,7.609992980957031,83.213234,71.04566,112.89001,120.5,0
637,300,2,38,13,-0.029998779296875,83.213234,71.04566,118.340004,118.31000518798828,0
638,300,2,39,14,3.410003662109375,83.213234,71.04566,115.79001,119.20001220703125,0
639,300,2,40,15,7.019989013671875,83.213234,71.04566,115.79001,122.80999755859375,0
640,300,2,41,16,3.7000045776367188,83.213234,71.04566,118.340004,122.04000854492188,0
641,300,2,42,17,3.6299972534179688,83.213234,71.04566,115.79001,119.42000579833984,0
642,300,2,43,18,2.3800048828125,83.213234,71.04566,113.97,116.35000610351562,0
643,300,2,44,19,1.75,83.213234,71.04566,113.97,115.72000122070312,0
644,300,2,45,20,0.970001220703125,83.213234,71.04566,113.53001,114.50000762939453,0
645,300,2,46,21,-2.1699981689453125,83.213234,71.04566,113.53001,111.3600082397461,0
646,300,2,47,22,-2.7099990844726562,83.213234,71.04566,113.53001,110.82000732421875,0
647,300,2,48,23,-1.4300003051757812,83.213234,71.04566,113.53001,112.10000610351562,0
648,300,2,49,24,-1.05999755859375,83.213234,71.04566,113.53001,112.47000885009766,0
649,300,2,50,25,-4.220001220703125,83.213234,71.04566,113.53001,109.31000518798828,0
650,300,3,51,1,-0.589996337890625,83.213234,71.04566,114.66,114.07000732421875,0
651,300,3,52,2,-3.92999267578125,83.213234,71.04566,114.66,110.73001098632812,0
652,300,3,53,3,1.9800033569335938,83.213234,71.04566,109.240005,111.22000885009766,0
653,300,3,54,4,-2.05999755859375,83.213234,71.04566,116.55,114.49000549316406,0
654,300,3,55,5,1.4300003051757812,83.213234,71.04566,116.55,117.9800033569336,0
655,300,3,56,6,1.6599960327148438,83.213234,71.04566,116.55,118.20999908447266,0
656,300,3,57,7,5.620002746582031,83.213234,71.04566,109.240005,114.8600082397461,0
657,300,3,58,8,6.2700042724609375,83.213234,71.04566,109.240005,115.510009765625,0
658,300,3,59,9,9.75,83.213234,71.04566,109.240005,118.99000549316406,0
659,300,3,60,10,8.520004272460938,83.213234,71.04566,109.240005,117.760009765625,0
660,300,3,61,11,6.30999755859375,83.213234,71.04566,109.240005,115.55000305175781,0
661,300,3,62,12,9.229995727539062,83.213234,71.04566,109.240005,118.47000122070312,0
662,300,3,63,13,11.560005187988281,83.213234,71.04566,109.240005,120.80001068115234,0
663,300,3,64,14,8.680000305175781,83.213234,71.04566,109.240005,117.92000579833984,0
664,300,3,65,15,8.239997863769531,83.213234,71.04566,109.240005,117.4800033569336,0
665,300,3,66,16,11.910003662109375,83.213234,71.04566,109.240005,121.15000915527344,0
666,300,3,67,17,11.949996948242188,83.213234,71.04566,109.240005,121.19000244140625,0
667,300,3,68,18,9.19000244140625,83.213234,71.04566,109.240005,118.43000793457031,0
668,300,3,69,19,11.110000610351562,83.213234,71.04566,109.240005,120.35000610351562,0
669,300,3,70,20,14.180007934570312,83.213234,71.04566,109.240005,123.42001342773438,0
670,300,3,71,21,12.220001220703125,83.213234,71.04566,109.240005,121.46000671386719,0
671,300,3,72,22,11.05999755859375,83.213234,71.04566,109.240005,120.30000305175781,0
672,300,3,73,23,13.759994506835938,83.213234,71.04566,109.240005,123.0,0
673,300,3,74,24,17.550003051757812,83.213234,71.04566,109.240005,126.79000854492188,0
674,300,3,75,25,16.739990234375,83.213234,71.04566,111.57001,128.30999755859375,0
675,300,4,76,1,-3.4899978637695312,83.213234,71.04566,119.98,116.49000549316406,0
676,300,4,77,2,-0.8899993896484375,83.213234,71.04566,114.420006,113.5300064086914,0
677,300,4,78,3,3.2099990844726562,83.213234,71.04566,108.340004,111.55000305175781,0
678,300,4,79,4,3.94000244140625,83.213234,71.04566,108.340004,112.2800064086914,0
679,300,4,80,5,2.970001220703125,83.213234,71.04566,112.86,115.83000183105469,0
680,300,4,81,6,6.719993591308594,83.213234,71.04566,109.81001,116.5300064086914,0
681,300,4,82,7,4.4799957275390625,83.213234,71.04566,109.81001,114.29000854492188,0
682,300,4,83,8,7.760002136230469,83.213234,71.04566,108.58001,116.34001159667969,0
683,300,4,84,9,9.669998168945312,83.213234,71.04566,109.81001,119.48001098632812,0
684,300,4,85,10,8.759994506835938,83.213234,71.04566,108.58001,117.34000396728516,0
685,300,4,86,11,7.17999267578125,83.213234,71.04566,108.58001,115.76000213623047,0
686,300,4,87,12,4.939994812011719,83.213234,71.04566,114.240005,119.18000030517578,0
687,300,4,88,13,6.379997253417969,83.213234,71.04566,114.240005,120.62000274658203,0
688,300,4,89,14,6.80999755859375,83.213234,71.04566,111.69,118.5,0
689,300,4,90,15,5.209991455078125,83.213234,71.04566,115.09001,120.30000305175781,0
690,300,4,91,16,3.9499893188476562,83.213234,71.04566,115.09001,119.04000091552734,0
691,300,4,92,17,4.25,83.213234,71.04566,115.09001,119.34001159667969,0
692,300,4,93,18,6.1999969482421875,83.213234,71.04566,115.09001,121.29000854492188,0
693,300,4,94,19,9.449996948242188,83.213234,71.04566,115.09001,124.54000854492188,0
694,300,4,95,20,12.749992370605469,83.213234,71.04566,115.09001,127.84000396728516,0
695,300,4,96,21,14.199996948242188,83.213234,71.04566,115.09001,129.29000854492188,0
696,300,4,97,22,14.789993286132812,83.213234,71.04566,116.630005,131.4199981689453,0
697,300,4,98,23,12.740005493164062,83.213234,71.04566,120.55,133.29000854492188,0
698,300,4,99,24,11.770004272460938,83.213234,71.04566,120.55,132.32000732421875,0
699,300,4,100,25,12.740005493164062,83.213234,71.04566,120.55,133.29000854492188,0
700,300,5,101,1,-2.17999267578125,83.213234,71.04566,119.3,117.12001037597656,0
701,300,5,102,2,-5.019996643066406,83.213234,71.04566,119.3,114.2800064086914,0
702,300,5,103,3,0.0999908447265625,83.213234,71.04566,114.29001,114.38999938964844,0
703,300,5,104,4,2.5199966430664062,83.213234,71.04566,114.29001,116.81000518798828,0
704,300,5,105,5,6.1699981689453125,83.213234,71.04566,114.29001,120.46000671386719,0
705,300,5,106,6,6.399993896484375,83.213234,71.04566,114.29001,120.69000244140625,0
706,300,5,107,7,5.1100006103515625,83.213234,71.04566,114.29001,119.40000915527344,0
707,300,5,108,8,2.220001220703125,83.213234,71.04566,119.3,121.52000427246094,0
708,300,5,109,9,4.980003356933594,83.213234,71.04566,119.3,124.2800064086914,0
709,300,5,110,10,6.2400054931640625,83.213234,71.04566,115.36,121.60000610351562,0
710,300,5,111,11,6.2599945068359375,83.213234,71.04566,113.94001,120.20000457763672,0
711,300,5,112,12,4.350006103515625,83.213234,71.04566,119.3,123.65000915527344,0
712,300,5,113,13,8.120002746582031,83.213234,71.04566,116.29001,124.4100112915039,0
713,300,5,114,14,7.17999267578125,83.213234,71.04566,113.94001,121.12000274658203,0
714,300,5,115,15,4.8499908447265625,83.213234,71.04566,116.29001,121.13999938964844,0
715,300,5,116,16,7.779998779296875,83.213234,71.04566,116.29001,124.07000732421875,0
716,300,5,117,17,6.839996337890625,83.213234,71.04566,116.29001,123.1300048828125,0
717,300,5,118,18,3.2600021362304688,83.213234,71.04566,116.29001,119.55001068115234,0
718,300,5,119,19,1.0499954223632812,83.213234,71.04566,116.29001,117.34000396728516,0
719,300,5,120,20,0.5999908447265625,83.213234,71.04566,116.29001,116.88999938964844,0
720,300,5,121,21,-4.099998474121094,83.213234,71.04566,117.770004,113.67000579833984,0
721,300,5,122,22,-2.7600021362304688,83.213234,71.04566,117.770004,115.01000213623047,0
722,300,5,123,23,-0.75,83.213234,71.04566,117.770004,117.02000427246094,0
723,300,5,124,24,-5.299995422363281,83.213234,71.04566,121.22001,115.92001342773438,0
724,300,5,125,25,0.660003662109375,83.213234,71.04566,116.32001,116.98001098632812,0
725,300,6,126,1,0.970001220703125,83.213234,71.04566,119.57001,120.54000854492188,0
726,300,6,127,2,0.9199981689453125,83.213234,71.04566,119.76001,120.68000793457031,0
727,300,6,128,3,4.339996337890625,83.213234,71.04566,119.76001,124.10000610351562,0
728,300,6,129,4,3.8499984741210938,83.213234,71.04566,119.76001,123.6100082397461,0
729,300,6,130,5,8.170005798339844,83.213234,71.04566,116.82,124.99000549316406,0
730,300,6,131,6,9.0,83.213234,71.04566,115.91,124.91000366210938,0
731,300,6,132,7,5.089996337890625,83.213234,71.04566,115.91,121.0,0
732,300,6,133,8,4.160003662109375,83.213234,71.04566,116.82,120.9800033569336,0
733,300,6,134,9,6.180000305175781,83.213234,71.04566,116.82,123.0,0
734,300,6,135,10,4.7299957275390625,83.213234,71.04566,115.91,120.63999938964844,0
735,300,6,136,11,0.9200057983398438,83.213234,71.04566,116.82,117.74000549316406,0
736,300,6,137,12,3.0800094604492188,83.213234,71.04566,116.82,119.90000915527344,0
737,300,6,138,13,5.4499969482421875,83.213234,71.04566,114.97001,120.42000579833984,0
738,300,6,139,14,5.170005798339844,83.213234,71.04566,111.56,116.7300033569336,0
739,300,6,140,15,3.5400009155273438,83.213234,71.04566,112.64001,116.18000793457031,0
740,300,6,141,16,6.349998474121094,83.213234,71.04566,112.64001,118.99000549316406,0
741,300,6,142,17,5.959999084472656,83.213234,71.04566,112.64001,118.60000610351562,0
742,300,6,143,18,2.2499923706054688,83.213234,71.04566,112.64001,114.88999938964844,0
743,300,6,144,19,-1.2300033569335938,83.213234,71.04566,114.97001,113.74000549316406,0
744,300,6,145,20,-4.890007019042969,83.213234,71.04566,114.97001,110.08000183105469,0
745,300,6,146,21,-2.30999755859375,83.213234,71.04566,113.14,110.83000183105469,0
746,300,6,147,22,0.7700042724609375,83.213234,71.04566,113.14,113.91000366210938,0
747,300,6,148,23,2.3700027465820312,83.213234,71.04566,111.630005,114.00000762939453,0
748,300,6,149,24,3.8400039672851562,83.213234,71.04566,111.630005,115.47000885009766,0
749,300,6,150,25,7.689994812011719,83.213234,71.04566,111.630005,119.31999969482422,0
750,300,7,151,1,-0.8000030517578125,83.213234,71.04566,115.670006,114.87000274658203,0
751,300,7,152,2,-0.589996337890625,83.213234,71.04566,113.18001,112.59001159667969,0
752,300,7,153,3,0.75,83.213234,71.04566,113.18001,113.93000793457031,0
753,300,7,154,4,3.850006103515625,83.213234,71.04566,113.18001,117.03001403808594,0
754,300,7,155,5,6.4799957275390625,83.213234,71.04566,113.18001,119.66000366210938,0
755,300,7,156,6,1.82000732421875,83.213234,71.04566,119.05,120.87001037597656,0
756,300,7,157,7,4.05999755859375,83.213234,71.04566,113.18001,117.24000549316406,0
757,300,7,158,8,3.720001220703125,83.213234,71.04566,113.18001,116.90000915527344,0
758,300,7,159,9,7.209999084472656,83.213234,71.04566,113.18001,120.39000701904297,0
759,300,7,160,10,6.07000732421875,83.213234,71.04566,113.47,119.54000854492188,0
760,300,7,161,11,2.6500015258789062,83.213234,71.04566,113.47,116.12000274658203,0
761,300,7,162,12,5.659996032714844,83.213234,71.04566,111.50001,117.16000366210938,0
762,300,7,163,13,6.6100006103515625,83.213234,71.04566,113.47,120.08000183105469,0
763,300,7,164,14,4.230003356933594,83.213234,71.04566,113.47,117.70000457763672,0
764,300,7,165,15,4.2599945068359375,83.213234,71.04566,111.50001,115.76000213623047,0
765,300,7,166,16,7.3899993896484375,83.213234,71.04566,111.50001,118.89000701904297,0
766,300,7,167,17,4.189994812011719,83.213234,71.04566,115.53001,119.72000122070312,0
767,300,7,168,18,0.7699966430664062,83.213234,71.04566,115.53001,116.30000305175781,0
768,300,7,169,19,1.1599960327148438,83.213234,71.04566,115.53001,116.69000244140625,0
769,300,7,170,20,5.540000915527344,83.213234,71.04566,113.03001,118.57000732421875,0
770,300,7,171,21,5.790000915527344,83.213234,71.04566,113.03001,118.82000732421875,0
771,300,7,172,22,5.079986572265625,83.213234,71.04566,111.20001,116.27999877929688,0
772,300,7,173,23,2.269989013671875,83.213234,71.04566,111.20001,113.47000122070312,0
773,300,7,174,24,-2.4900054931640625,83.213234,71.04566,115.14001,112.6500015258789,0
774,300,7,175,25,-5.519996643066406,83.213234,71.04566,115.14001,109.62001037597656,0
775,300,8,176,1,-4.0200042724609375,83.213234,71.04566,111.58001,107.56000518798828,0
776,300,8,177,2,-3.2700042724609375,83.213234,71.04566,111.58001,108.31000518798828,0
777,300,8,178,3,0.26999664306640625,83.213234,71.04566,111.58001,111.85000610351562,0
778,300,8,179,4,1.80999755859375,83.213234,71.04566,111.58001,113.39000701904297,0
779,300,8,180,5,5.599998474121094,83.213234,71.04566,111.58001,117.18000793457031,0
780,300,8,181,6,5.239990234375,83.213234,71.04566,111.58001,116.81999969482422,0
781,300,8,182,7,6.1399993896484375,83.213234,71.04566,108.310005,114.45000457763672,0
782,300,8,183,8,5.9199981689453125,83.213234,71.04566,110.64,116.55999755859375,0
783,300,8,184,9,10.159996032714844,83.213234,71.04566,109.420006,119.58000183105469,0
784,300,8,185,10,7.980003356933594,83.213234,71.04566,109.420006,117.40000915527344,0
785,300,8,186,11,1.6399993896484375,83.213234,71.04566,114.05,115.69000244140625,0
786,300,8,187,12,4.890007019042969,83.213234,71.04566,114.05,118.94001007080078,0
787,300,8,188,13,6.709999084472656,83.213234,71.04566,114.05,120.76000213623047,0
788,300,8,189,14,3.9200057983398438,83.213234,71.04566,114.05,117.97000885009766,0
789,300,8,190,15,4.120002746582031,83.213234,71.04566,114.05,118.17000579833984,0
790,300,8,191,16,7.950004577636719,83.213234,71.04566,114.05,122.00000762939453,0
791,300,8,192,17,9.269996643066406,83.213234,71.04566,113.94001,123.21000671386719,0
792,300,8,193,18,6.0399932861328125,83.213234,71.04566,113.94001,119.9800033569336,0
793,300,8,194,19,0.8800048828125,83.213234,71.04566,119.05,119.93000793457031,0
794,300,8,195,20,-1.6299972534179688,83.213234,71.04566,119.05,117.42000579833984,0
795,300,8,196,21,0.7399978637695312,83.213234,71.04566,118.82001,119.56000518798828,0
796,300,8,197,22,0.07999420166015625,83.213234,71.04566,118.82001,118.9000015258789,0
797,300,8,198,23,1.7599945068359375,83.213234,71.04566,118.82001,120.58000183105469,0
798,300,8,199,24,-1.6399993896484375,83.213234,71.04566,118.82001,117.18000793457031,0
799,300,8,200,25,-0.2299957275390625,83.213234,71.04566,116.97,116.74000549316406,0
800,400,1,1,1,0.8299942016601562,81.97622,70.35825,110.66001,111.49000549316406,0
801,400,1,2,2,1.44000244140625,81.97622,70.35825,113.53001,114.97000885009766,0
802,400,1,3,3,3.3800048828125,81.97622,70.35825,113.53001,116.9100112915039,0
803,400,1,4,4,4.469993591308594,81.97622,70.35825,113.53001,118.0,0
804,400,1,5,5,8.159996032714844,81.97622,70.35825,110.66001,118.82000732421875,0
805,400,1,6,6,8.309989929199219,81.97622,70.35825,110.66001,118.97000122070312,0
806,400,1,7,7,6.359992980957031,81.97622,70.35825,109.12001,115.4800033569336,0
807,400,1,8,8,3.4100112915039062,81.97622,70.35825,112.79,116.20001220703125,0
808,400,1,9,9,6.57000732421875,81.97622,70.35825,112.79,119.3600082397461,0
809,400,1,10,10,2.4900054931640625,81.97622,70.35825,114.79,117.2800064086914,0
810,400,1,11,11,1.8100051879882812,81.97622,70.35825,112.79,114.60000610351562,0
811,400,1,12,12,4.4900054931640625,81.97622,70.35825,112.79,117.2800064086914,0
812,400,1,13,13,3.4300003051757812,81.97622,70.35825,114.79,118.22000122070312,0
813,400,1,14,14,0.0500030517578125,81.97622,70.35825,114.79,114.84000396728516,0
814,400,1,15,15,2.9300003051757812,81.97622,70.35825,111.990005,114.92000579833984,0
815,400,1,16,16,5.849998474121094,81.97622,70.35825,111.990005,117.84000396728516,0
816,400,1,17,17,5.8600006103515625,81.97622,70.35825,111.990005,117.85000610351562,0
817,400,1,18,18,4.25,81.97622,70.35825,112.86,117.11000061035156,0
818,400,1,19,19,7.620002746582031,81.97622,70.35825,112.86,120.4800033569336,0
819,400,1,20,20,8.819999694824219,81.97622,70.35825,111.54,120.36000061035156,0
820,400,1,21,21,7.750007629394531,81.97622,70.35825,111.54,119.29000854492188,0
821,400,1,22,22,2.2000045776367188,81.97622,70.35825,114.79,116.99000549316406,0
822,400,1,23,23,0.3300018310546875,81.97622,70.35825,114.79,115.12000274658203,0
823,400,1,24,24,3.2400054931640625,81.97622,70.35825,114.79,118.0300064086914,0
824,400,1,25,25,4.319999694824219,81.97622,70.35825,114.79,119.11000061035156,0
825,400,2,26,1,0.100006103515625,81.97622,70.35825,108.64,108.74000549316406,0
826,400,2,27,2,-0.23999786376953125,81.97622,70.35825,108.64,108.4000015258789,0
827,400,2,28,3,0.16999053955078125,81.97622,70.35825,109.48001,109.6500015258789,0
828,400,2,29,4,1.44000244140625,81.97622,70.35825,109.48001,110.92001342773438,0
829,400,2,30,5,-1.660003662109375,81.97622,70.35825,109.48001,107.82000732421875,0
830,400,2,31,6,-1.339996337890625,81.97622,70.35825,108.64,107.30000305175781,0
831,400,2,32,7,2.4800033569335938,81.97622,70.35825,108.64,111.12000274658203,0
832,400,2,33,8,0.8000030517578125,81.97622,70.35825,110.770004,111.57000732421875,0
833,400,2,34,9,-2.3600006103515625,81.97622,70.35825,110.770004,108.41000366210938,0
834,400,2,35,10,-3.6800003051757812,81.97622,70.35825,113.76,110.08000183105469,0
835,400,2,36,11,-0.4499969482421875,81.97622,70.35825,113.76,113.31000518798828,0
836,400,2,37,12,0.4300079345703125,81.97622,70.35825,110.770004,111.20001220703125,0
837,400,2,38,13,-4.150001525878906,81.97622,70.35825,113.76,109.61000061035156,0
838,400,2,39,14,-0.649993896484375,81.97622,70.35825,113.76,113.1100082397461,0
839,400,2,40,15,-0.9000091552734375,81.97622,70.35825,115.37001,114.47000122070312,0
840,400,2,41,16,-3.8100128173828125,81.97622,70.35825,115.37001,111.55999755859375,0
841,400,2,42,17,0.07999420166015625,81.97622,70.35825,111.72001,111.80000305175781,0
842,400,2,43,18,-1.4000015258789062,81.97622,70.35825,111.72001,110.32000732421875,0
843,400,2,44,19,-2.6399993896484375,81.97622,70.35825,112.86,110.22000122070312,0
844,400,2,45,20,-1.42999267578125,81.97622,70.35825,112.86,111.43000793457031,0
845,400,2,46,21,-3.07000732421875,81.97622,70.35825,111.990005,108.91999816894531,0
846,400,2,47,22,-3.0800018310546875,81.97622,70.35825,111.990005,108.91000366210938,0
847,400,2,48,23,-1.5699920654296875,81.97622,70.35825,111.54,109.97000885009766,0
848,400,2,49,24,-1.2100067138671875,81.97622,70.35825,111.990005,110.77999877929688,0
849,400,2,50,25,-3.9799957275390625,81.97622,70.35825,111.990005,108.010009765625,0
850,400,3,51,1,0.42999267578125,81.97622,70.35825,110.92001,111.35000610351562,0
851,400,3,52,2,-2.1300048828125,81.97622,70.35825,110.92001,108.79000854492188,0
852,400,3,53,3,1.0499954223632812,81.97622,70.35825,108.79001,109.84000396728516,0
853,400,3,54,4,-1.44000244140625,81.97622,70.35825,114.240005,112.80000305175781,0
854,400,3,55,5,1.6800079345703125,81.97622,70.35825,114.240005,115.92001342773438,0
855,400,3,56,6,4.1399993896484375,81.97622,70.35825,114.240005,118.3800048828125,0
856,400,3,57,7,4.340003967285156,81.97622,70.35825,111.53001,115.87001037597656,0
857,400,3,58,8,1.1699981689453125,81.97622,70.35825,114.240005,115.41000366210938,0
858,400,3,59,9,4.9600067138671875,81.97622,70.35825,114.240005,119.20001220703125,0
859,400,3,60,10,8.000007629394531,81.97622,70.35825,111.53001,119.53001403808594,0
860,400,3,61,11,5.090003967285156,81.97622,70.35825,111.53001,116.62001037597656,0
861,400,3,62,12,6.379997253417969,81.97622,70.35825,111.53001,117.91000366210938,0
862,400,3,63,13,9.900001525878906,81.97622,70.35825,111.53001,121.43000793457031,0
863,400,3,64,14,8.629997253417969,81.97622,70.35825,111.53001,120.16000366210938,0
864,400,3,65,15,6.519996643066406,81.97622,70.35825,111.53001,118.05000305175781,0
865,400,3,66,16,9.319999694824219,81.97622,70.35825,111.53001,120.85000610351562,0
866,400,3,67,17,11.689994812011719,81.97622,70.35825,111.53001,123.22000122070312,0
867,400,3,68,18,9.989997863769531,81.97622,70.35825,111.53001,121.52000427246094,0
868,400,3,69,19,9.790000915527344,81.97622,70.35825,111.53001,121.32000732421875,0
869,400,3,70,20,13.489997863769531,81.97622,70.35825,111.53001,125.02000427246094,0
870,400,3,71,21,14.489997863769531,81.97622,70.35825,111.53001,126.02000427246094,0
871,400,3,72,22,12.3699951171875,81.97622,70.35825,111.53001,123.9000015258789,0
872,400,3,73,23,13.870002746582031,81.97622,70.35825,111.53001,125.40000915527344,0
873,400,3,74,24,11.680000305175781,81.97622,70.35825,111.53001,123.21000671386719,0
874,400,3,75,25,12.810005187988281,81.97622,70.35825,111.53001,124.34001159667969,0
875,400,4,76,1,-1.44000244140625,81.97622,70.35825,112.600006,111.16000366210938,0
876,400,4,77,2,-2.089996337890625,81.97622,70.35825,112.600006,110.510009765625,0
877,400,4,78,3,-0.790008544921875,81.97622,70.35825,113.56001,112.77000427246094,0
878,400,4,79,4,0.17999267578125,81.97622,70.35825,113.56001,113.74000549316406,0
879,400,4,80,5,3.8499908447265625,81.97622,70.35825,113.56001,117.41000366210938,0
880,400,4,81,6,2.5,81.97622,70.35825,115.92001,118.42001342773438,0
881,400,4,82,7,-0.6400070190429688,81.97622,70.35825,115.92001,115.2800064086914,0
882,400,4,83,8,4.730010986328125,81.97622,70.35825,111.19,115.92001342773438,0
883,400,4,84,9,8.240005493164062,81.97622,70.35825,111.19,119.43000793457031,0
884,400,4,85,10,1.600006103515625,81.97622,70.35825,116.23,117.83000946044922,0
885,400,4,86,11,4.5800018310546875,81.97622,70.35825,111.19,115.77000427246094,0
886,400,4,87,12,7.589996337890625,81.97622,70.35825,111.19,118.77999877929688,0
887,400,4,88,13,4.560005187988281,81.97622,70.35825,116.23,120.79000854492188,0
888,400,4,89,14,1.8499984741210938,81.97622,70.35825,116.23,118.08000183105469,0
889,400,4,90,15,6.6300048828125,81.97622,70.35825,111.82,118.45000457763672,0
890,400,4,91,16,5.080009460449219,81.97622,70.35825,110.86,115.94001007080078,0
891,400,4,92,17,3.6100006103515625,81.97622,70.35825,110.86,114.47000122070312,0
892,400,4,93,18,5.44000244140625,81.97622,70.35825,109.560005,115.00000762939453,0
893,400,4,94,19,4.100006103515625,81.97622,70.35825,114.47,118.57000732421875,0
894,400,4,95,20,5.07000732421875,81.97622,70.35825,114.47,119.54000854492188,0
895,400,4,96,21,5.810005187988281,81.97622,70.35825,114.47,120.2800064086914,0
896,400,4,97,22,2.7600021362304688,81.97622,70.35825,114.47,117.2300033569336,0
897,400,4,98,23,2.3799972534179688,81.97622,70.35825,116.08001,118.46000671386719,0
898,400,4,99,24,7.160003662109375,81.97622,70.35825,114.47,121.6300048828125,0
899,400,4,100,25,8.709999084472656,81.97622,70.35825,116.270004,124.9800033569336,0
900,400,5,101,1,0.279998779296875,81.97622,70.35825,112.01,112.29000091552734,0
901,400,5,102,2,-2.2699966430664062,81.97622,70.35825,112.01,109.74000549316406,0
902,400,5,103,3,1.8700027465820312,81.97622,70.35825,108.47,110.34000396728516,0
903,400,5,104,4,4.7700042724609375,81.97622,70.35825,108.47,113.24000549316406,0
904,400,5,105,5,8.279998779296875,81.97622,70.35825,108.47,116.75,0
905,400,5,106,6,5.620002746582031,81.97622,70.35825,111.54,117.16000366210938,0
906,400,5,107,7,2.5300064086914062,81.97622,70.35825,111.54,114.07000732421875,0
907,400,5,108,8,3.3300018310546875,81.97622,70.35825,112.01,115.34000396728516,0
908,400,5,109,9,6.860008239746094,81.97622,70.35825,112.01,118.87001037597656,0
909,400,5,110,10,5.6100006103515625,81.97622,70.35825,111.54,117.1500015258789,0
910,400,5,111,11,5.6999969482421875,81.97622,70.35825,109.54001,115.24000549316406,0
911,400,5,112,12,6.6100006103515625,81.97622,70.35825,111.740005,118.35000610351562,0
912,400,5,113,13,8.889999389648438,81.97622,70.35825,111.61,120.5,0
913,400,5,114,14,6.670013427734375,81.97622,70.35825,111.61,118.28001403808594,0
914,400,5,115,15,5.810005187988281,81.97622,70.35825,111.61,117.42000579833984,0
915,400,5,116,16,3.6999969482421875,81.97622,70.35825,117.350006,121.05000305175781,0
916,400,5,117,17,4.379997253417969,81.97622,70.35825,117.350006,121.7300033569336,0
917,400,5,118,18,0.7299957275390625,81.97622,70.35825,117.350006,118.08000183105469,0
918,400,5,119,19,-1.2300033569335938,81.97622,70.35825,117.350006,116.12000274658203,0
919,400,5,120,20,2.5100021362304688,81.97622,70.35825,111.50001,114.010009765625,0
920,400,5,121,21,-0.34000396728515625,81.97622,70.35825,111.50001,111.16000366210938,0
921,400,5,122,22,-2.5699996948242188,81.97622,70.35825,114.420006,111.85000610351562,0
922,400,5,123,23,-0.8799972534179688,81.97622,70.35825,113.36,112.4800033569336,0
923,400,5,124,24,-3.9799957275390625,81.97622,70.35825,113.36,109.3800048828125,0
924,400,5,125,25,-3.3800048828125,81.97622,70.35825,112.850006,109.47000122070312,0
925,400,6,126,1,0.23999786376953125,81.97622,70.35825,112.59001,112.83000946044922,0
926,400,6,127,2,-0.649993896484375,81.97622,70.35825,116.75,116.10000610351562,0
927,400,6,128,3,2.3300094604492188,81.97622,70.35825,116.75,119.08000946044922,0
928,400,6,129,4,4.5200042724609375,81.97622,70.35825,116.75,121.27000427246094,0
929,400,6,130,5,6.140007019042969,81.97622,70.35825,116.75,122.89000701904297,0
930,400,6,131,6,6.970008850097656,81.97622,70.35825,116.75,123.72000885009766,0
931,400,6,132,7,4.400001525878906,81.97622,70.35825,115.850006,120.25000762939453,0
932,400,6,133,8,4.730010986328125,81.97622,70.35825,115.17,119.90000915527344,0
933,400,6,134,9,8.040008544921875,81.97622,70.35825,115.17,123.21000671386719,0
934,400,6,135,10,6.1199951171875,81.97622,70.35825,115.850006,121.97000122070312,0
935,400,6,136,11,4.8899993896484375,81.97622,70.35825,113.66,118.55000305175781,0
936,400,6,137,12,5.5200042724609375,81.97622,70.35825,115.17,120.69000244140625,0
937,400,6,138,13,9.040000915527344,81.97622,70.35825,113.66,122.70000457763672,0
938,400,6,139,14,5.849998474121094,81.97622,70.35825,113.66,119.51000213623047,0
939,400,6,140,15,3.5000076293945312,81.97622,70.35825,115.31,118.81000518798828,0
940,400,6,141,16,7.010009765625,81.97622,70.35825,115.31,122.32000732421875,0
941,400,6,142,17,6.6500091552734375,81.97622,70.35825,115.31,121.96000671386719,0
942,400,6,143,18,3.0600128173828125,81.97622,70.35825,115.31,118.37001037597656,0
943,400,6,144,19,-0.02999114990234375,81.97622,70.35825,116.89,116.8600082397461,0
944,400,6,145,20,-1.6599884033203125,81.97622,70.35825,115.31,113.65000915527344,0
945,400,6,146,21,0.3300018310546875,81.97622,70.35825,115.31,115.63999938964844,0
946,400,6,147,22,2.920013427734375,81.97622,70.35825,115.31,118.23001098632812,0
947,400,6,148,23,2.510009765625,81.97622,70.35825,116.89,119.40000915527344,0
948,400,6,149,24,4.25,81.97622,70.35825,116.89,121.13999938964844,0
949,400,6,150,25,7.2100067138671875,81.97622,70.35825,116.89,124.10000610351562,0
950,400,7,151,1,-3.3000030517578125,81.97622,70.35825,111.36001,108.06000518798828,0
951,400,7,152,2,-3.2499923706054688,81.97622,70.35825,109.73,106.48001098632812,0
952,400,7,153,3,-1.1200103759765625,81.97622,70.35825,111.01001,109.88999938964844,0
953,400,7,154,4,2.0499954223632812,81.97622,70.35825,111.36001,113.41000366210938,0
954,400,7,155,5,5.649993896484375,81.97622,70.35825,111.01001,116.66000366210938,0
955,400,7,156,6,7.519996643066406,81.97622,70.35825,111.01001,118.5300064086914,0
956,400,7,157,7,4.749992370605469,81.97622,70.35825,111.01001,115.76000213623047,0
957,400,7,158,8,4.6299896240234375,81.97622,70.35825,111.01001,115.63999938964844,0
958,400,7,159,9,8.389999389648438,81.97622,70.35825,111.01001,119.40000915527344,0
959,400,7,160,10,4.290000915527344,81.97622,70.35825,114.560005,118.85000610351562,0
960,400,7,161,11,1.6800003051757812,81.97622,70.35825,114.560005,116.24000549316406,0
961,400,7,162,12,4.029998779296875,81.97622,70.35825,114.560005,118.59000396728516,0
962,400,7,163,13,6.870002746582031,81.97622,70.35825,114.560005,121.43000793457031,0
963,400,7,164,14,4.7599945068359375,81.97622,70.35825,114.560005,119.31999969482422,0
964,400,7,165,15,3.6100006103515625,81.97622,70.35825,114.47,118.08000183105469,0
965,400,7,166,16,7.260002136230469,81.97622,70.35825,114.47,121.7300033569336,0
966,400,7,167,17,8.120010375976562,81.97622,70.35825,114.47,122.59001159667969,0
967,400,7,168,18,5.860008239746094,81.97622,70.35825,114.47,120.33000946044922,0
968,400,7,169,19,5.05999755859375,81.97622,70.35825,115.59001,120.65000915527344,0
969,400,7,170,20,7.029998779296875,81.97622,70.35825,115.59001,122.62001037597656,0
970,400,7,171,21,4.529998779296875,81.97622,70.35825,118.310005,122.84000396728516,0
971,400,7,172,22,3.9899978637695312,81.97622,70.35825,118.310005,122.30000305175781,0
972,400,7,173,23,2.8000030517578125,81.97622,70.35825,118.310005,121.1100082397461,0
973,400,7,174,24,0.6300048828125,81.97622,70.35825,118.310005,118.94001007080078,0
974,400,7,175,25,-1.4800033569335938,81.97622,70.35825,118.310005,116.83000183105469,0
975,400,8,176,1,1.4500045776367188,81.97622,70.35825,110.71,112.16000366210938,0
976,400,8,177,2,-3.2600021362304688,81.97622,70.35825,113.18001,109.92000579833984,0
977,400,8,178,3,2.1300048828125,81.97622,70.35825,109.04,111.17000579833984,0
978,400,8,179,4,5.590003967285156,81.97622,70.35825,109.04,114.6300048828125,0
979,400,8,180,5,4.099998474121094,81.97622,70.35825,113.18001,117.2800064086914,0
980,400,8,181,6,7.779998779296875,81.97622,70.35825,111.22001,119.00000762939453,0
981,400,8,182,7,4.569999694824219,81.97622,70.35825,111.22001,115.79000854492188,0
982,400,8,183,8,6.190010070800781,81.97622,70.35825,108.48,114.67001342773438,0
983,400,8,184,9,6.1100006103515625,81.97622,70.35825,112.14001,118.25000762939453,0
984,400,8,185,10,3.5500030517578125,81.97622,70.35825,114.37,117.92000579833984,0
985,400,8,186,11,2.30999755859375,81.97622,70.35825,112.14001,114.45000457763672,0
986,400,8,187,12,3.75,81.97622,70.35825,112.14001,115.89000701904297,0
987,400,8,188,13,6.8600006103515625,81.97622,70.35825,112.14001,119.00000762939453,0
988,400,8,189,14,5.75,81.97622,70.35825,111.25001,117.00000762939453,0
989,400,8,190,15,3.529998779296875,81.97622,70.35825,111.25001,114.7800064086914,0
990,400,8,191,16,6.629997253417969,81.97622,70.35825,111.25001,117.8800048828125,0
991,400,8,192,17,5.3199920654296875,81.97622,70.35825,113.58001,118.9000015258789,0
992,400,8,193,18,1.94000244140625,81.97622,70.35825,113.58001,115.52001190185547,0
993,400,8,194,19,2.2399978637695312,81.97622,70.35825,112.12001,114.3600082397461,0
994,400,8,195,20,-0.5800094604492188,81.97622,70.35825,112.12001,111.54000091552734,0
995,400,8,196,21,1.2199935913085938,81.97622,70.35825,111.36001,112.58000183105469,0
996,400,8,197,22,-0.6999969482421875,81.97622,70.35825,110.200005,109.50000762939453,0
997,400,8,198,23,-0.38999176025390625,81.97622,70.35825,110.200005,109.81001281738281,0
998,400,8,199,24,-2.3900070190429688,81.97622,70.35825,110.200005,107.80999755859375,0
999,400,8,200,25,-2.279998779296875,81.97622,70.35825,110.770004,108.49000549316406,0
1000,500,1,1,1,2.2999954223632812,83.160164,70.94837,110.770004,113.06999969482422,0
1001,500,1,2,2,1.0499954223632812,83.160164,70.94837,115.80001,116.85000610351562,0
1002,500,1,3,3,7.7700042724609375,83.160164,70.94837,110.18001,117.95001220703125,0
1003,500,1,4,4,6.3799896240234375,83.160164,70.94837,110.18001,116.55999755859375,0
1004,500,1,5,5,8.569999694824219,83.160164,70.94837,110.18001,118.75000762939453,0
1005,500,1,6,6,7.159996032714844,83.160164,70.94837,110.18001,117.34000396728516,0
1006,500,1,7,7,3.5699996948242188,83.160164,70.94837,110.18001,113.75000762939453,0
1007,500,1,8,8,4.100006103515625,83.160164,70.94837,111.0,115.10000610351562,0
1008,500,1,9,9,5.4199981689453125,83.160164,70.94837,111.0,116.41999816894531,0
1009,500,1,10,10,4.6299896240234375,83.160164,70.94837,108.44001,113.06999969482422,0
1010,500,1,11,11,0.0200042724609375,83.160164,70.94837,111.0,111.02000427246094,0
1011,500,1,12,12,6.779998779296875,83.160164,70.94837,106.57001,113.35000610351562,0
1012,500,1,13,13,3.9699935913085938,83.160164,70.94837,108.44001,112.41000366210938,0
1013,500,1,14,14,2.1699981689453125,83.160164,70.94837,106.57001,108.74000549316406,0
1014,500,1,15,15,3.3300018310546875,83.160164,70.94837,106.57001,109.90000915527344,0
1015,500,1,16,16,5.1299896240234375,83.160164,70.94837,106.57001,111.69999694824219,0
1016,500,1,17,17,3.8699951171875,83.160164,70.94837,106.57001,110.44000244140625,0
1017,500,1,18,18,0.1399993896484375,83.160164,70.94837,109.05,109.19000244140625,0
1018,500,1,19,19,3.7700042724609375,83.160164,70.94837,109.05,112.82000732421875,0
1019,500,1,20,20,7.1399993896484375,83.160164,70.94837,106.57001,113.71000671386719,0
1020,500,1,21,21,9.100006103515625,83.160164,70.94837,103.73,112.83000946044922,0
1021,500,1,22,22,6.310005187988281,83.160164,70.94837,103.73,110.04000854492188,0
1022,500,1,23,23,0.55999755859375,83.160164,70.94837,108.44001,109.00000762939453,0
1023,500,1,24,24,4.029998779296875,83.160164,70.94837,108.44001,112.47000885009766,0
1024,500,1,25,25,4.919990539550781,83.160164,70.94837,108.44001,113.36000061035156,0
1025,500,2,26,1,0.9500045776367188,83.160164,70.94837,114.06,115.01000213623047,0
1026,500,2,27,2,-2.6399993896484375,83.160164,70.94837,114.06,111.41999816894531,0
1027,500,2,28,3,-1.2399978637695312,83.160164,70.94837,111.12,109.8800048828125,0
1028,500,2,29,4,-0.43000030517578125,83.160164,70.94837,111.12,110.69000244140625,0
1029,500,2,30,5,-3.970001220703125,83.160164,70.94837,111.12,107.1500015258789,0
1030,500,2,31,6,-3.9999923706054688,83.160164,70.94837,111.12,107.12001037597656,0
1031,500,2,32,7,-0.7899932861328125,83.160164,70.94837,111.12,110.33000946044922,0
1032,500,2,33,8,-2.8199920654296875,83.160164,70.94837,111.12,108.30001068115234,0
1033,500,2,34,9,-5.609992980957031,83.160164,70.94837,111.12,105.510009765625,0
1034,500,2,35,10,-5.340003967285156,83.160164,70.94837,113.09001,107.75000762939453,0
1035,500,2,36,11,-3.600006103515625,83.160164,70.94837,113.09001,109.49000549316406,0
1036,500,2,37,12,-4.8199920654296875,83.160164,70.94837,111.04,106.22000885009766,0
1037,500,2,38,13,-3.8600006103515625,83.160164,70.94837,109.05,105.19000244140625,0
1038,500,2,39,14,-0.339996337890625,83.160164,70.94837,109.05,108.71000671386719,0
1039,500,2,40,15,-3.959991455078125,83.160164,70.94837,112.53,108.57000732421875,0
1040,500,2,41,16,-3.7099990844726562,83.160164,70.94837,109.05,105.34000396728516,0
1041,500,2,42,17,-2.5800018310546875,83.160164,70.94837,109.05,106.47000122070312,0
1042,500,2,43,18,-4.129997253417969,83.160164,70.94837,109.05,104.92000579833984,0
1043,500,2,44,19,-0.2100067138671875,83.160164,70.94837,102.90001,102.69000244140625,0
1044,500,2,45,20,-2.2400054931640625,83.160164,70.94837,106.57001,104.33000183105469,0
1045,500,2,46,21,-4.370002746582031,83.160164,70.94837,106.57001,102.20000457763672,0
1046,500,2,47,22,-3.5999984741210938,83.160164,70.94837,106.57001,102.97000885009766,0
1047,500,2,48,23,-2.9800033569335938,83.160164,70.94837,106.57001,103.59000396728516,0
1048,500,2,49,24,-1.0999984741210938,83.160164,70.94837,106.57001,105.47000885009766,0
1049,500,2,50,25,-3.7800064086914062,83.160164,70.94837,106.57001,102.79000091552734,0
1050,500,3,51,1,-3.3899993896484375,83.160164,70.94837,115.65001,112.260009765625,0
1051,500,3,52,2,-1.1299972534179688,83.160164,70.94837,113.21,112.08000183105469,0
1052,500,3,53,3,0.17000579833984375,83.160164,70.94837,113.21,113.3800048828125,0
1053,500,3,54,4,3.2800064086914062,83.160164,70.94837,113.21,116.49000549316406,0
1054,500,3,55,5,6.9300079345703125,83.160164,70.94837,113.21,120.14000701904297,0
1055,500,3,56,6,7.82000732421875,83.160164,70.94837,113.21,121.0300064086914,0
1056,500,3,57,7,5.220008850097656,83.160164,70.94837,113.21,118.43000793457031,0
1057,500,3,58,8,6.010009765625,83.160164,70.94837,113.21,119.22000885009766,0
1058,500,3,59,9,9.730003356933594,83.160164,70.94837,113.21,122.94000244140625,0
1059,500,3,60,10,8.460006713867188,83.160164,70.94837,113.21,121.67000579833984,0
1060,500,3,61,11,6.510002136230469,83.160164,70.94837,113.21,119.72000122070312,0
1061,500,3,62,12,9.470008850097656,83.160164,70.94837,113.21,122.68000793457031,0
1062,500,3,63,13,12.210006713867188,83.160164,70.94837,113.21,125.42000579833984,0
1063,500,3,64,14,10.509994506835938,83.160164,70.94837,112.43001,122.94000244140625,0
1064,500,3,65,15,9.319999694824219,83.160164,70.94837,113.21,122.52999877929688,0
1065,500,3,66,16,13.090011596679688,83.160164,70.94837,113.21,126.30001068115234,0
1066,500,3,67,17,14.449996948242188,83.160164,70.94837,112.43001,126.8800048828125,0
1067,500,3,68,18,12.100006103515625,83.160164,70.94837,112.43001,124.53001403808594,0
1068,500,3,69,19,13.620002746582031,83.160164,70.94837,113.21,126.83000183105469,0
1069,500,3,70,20,16.920005798339844,83.160164,70.94837,113.21,130.1300048828125,0
1070,500,3,71,21,16.529998779296875,83.160164,70.94837,112.43001,128.9600067138672,0
1071,500,3,72,22,18.829986572265625,83.160164,70.94837,111.20001,130.02999877929688,0
1072,500,3,73,23,15.659996032714844,83.160164,70.94837,111.20001,126.8600082397461,0
1073,500,3,74,24,12.080001831054688,83.160164,70.94837,113.21,125.29000091552734,0
1074,500,3,75,25,10.040008544921875,83.160164,70.94837,113.21,123.25000762939453,0
1075,500,4,76,1,-1.2299957275390625,83.160164,70.94837,121.880005,120.65000915527344,0
1076,500,4,77,2,-1.5499954223632812,83.160164,70.94837,121.880005,120.33000946044922,0
1077,500,4,78,3,-3.1999969482421875,83.160164,70.94837,125.55,122.35000610351562,0
1078,500,4,79,4,-2.1500015258789062,83.160164,70.94837,125.55,123.4000015258789,0
1079,500,4,80,5,1.5400009155273438,83.160164,70.94837,125.55,127.09000396728516,0
1080,500,4,81,6,2.529998779296875,83.160164,70.94837,125.55,128.0800018310547,0
1081,500,4,82,7,4.229988098144531,83.160164,70.94837,120.92001,125.1500015258789,0
1082,500,4,83,8,5.249992370605469,83.160164,70.94837,120.92001,126.17000579833984,0
1083,500,4,84,9,8.819992065429688,83.160164,70.94837,120.92001,129.74000549316406,0
1084,500,4,85,10,5.7599945068359375,83.160164,70.94837,122.87001,128.6300048828125,0
1085,500,4,86,11,5.0999908447265625,83.160164,70.94837,120.92001,126.02000427246094,0
1086,500,4,87,12,7.899993896484375,83.160164,70.94837,120.92001,128.82000732421875,0
1087,500,4,88,13,6.840003967285156,83.160164,70.94837,122.23,129.07000732421875,0
1088,500,4,89,14,3.1999969482421875,83.160164,70.94837,122.23,125.43000030517578,0
1089,500,4,90,15,0.12999725341796875,83.160164,70.94837,124.310005,124.44000244140625,0
1090,500,4,91,16,-1.6899948120117188,83.160164,70.94837,124.310005,122.62001037597656,0
1091,500,4,92,17,2.30999755859375,83.160164,70.94837,122.29001,124.60000610351562,0
1092,500,4,93,18,3.6199951171875,83.160164,70.94837,124.310005,127.93000030517578,0
1093,500,4,94,19,7.350006103515625,83.160164,70.94837,122.29001,129.6400146484375,0
1094,500,4,95,20,5.0999908447265625,83.160164,70.94837,122.29001,127.38999938964844,0
1095,500,4,96,21,4.519996643066406,83.160164,70.94837,121.93001,126.45000457763672,0
1096,500,4,97,22,3.1699981689453125,83.160164,70.94837,121.93001,125.10000610351562,0
1097,500,4,98,23,0.01999664306640625,83.160164,70.94837,121.93001,121.95000457763672,0
1098,500,4,99,24,-0.7400054931640625,83.160164,70.94837,122.29001,121.55000305175781,0
1099,500,4,100,25,-2.7000045776367188,83.160164,70.94837,122.29001,119.59000396728516,0
1100,500,5,101,1,-4.6800079345703125,83.160164,70.94837,115.79001,111.11000061035156,0
1101,500,5,102,2,-5.7599945068359375,83.160164,70.94837,114.880005,109.12001037597656,0
1102,500,5,103,3,-0.31999969482421875,83.160164,70.94837,108.490005,108.17000579833984,0
1103,500,5,104,4,0.5499954223632812,83.160164,70.94837,108.490005,109.04000091552734,0
1104,500,5,105,5,4.089996337890625,83.160164,70.94837,108.490005,112.58000183105469,0
1105,500,5,106,6,2.660003662109375,83.160164,70.94837,108.490005,111.15000915527344,0
1106,500,5,107,7,5.069999694824219,83.160164,70.94837,103.51001,108.58000946044922,0
1107,500,5,108,8,3.3600006103515625,83.160164,70.94837,107.69,111.05000305175781,0
1108,500,5,109,9,5.930000305175781,83.160164,70.94837,107.69,113.62000274658203,0
1109,500,5,110,10,6.129997253417969,83.160164,70.94837,104.69001,110.82000732421875,0
1110,500,5,111,11,2.4000091552734375,83.160164,70.94837,107.69,110.09001159667969,0
1111,500,5,112,12,5.4199981689453125,83.160164,70.94837,108.29001,113.71000671386719,0
1112,500,5,113,13,5.849998474121094,83.160164,70.94837,108.29001,114.14000701904297,0
1113,500,5,114,14,3.1199951171875,83.160164,70.94837,108.29001,111.41000366210938,0
1114,500,5,115,15,3.9899978637695312,83.160164,70.94837,108.29001,112.2800064086914,0
1115,500,5,116,16,7.67999267578125,83.160164,70.94837,108.29001,115.97000122070312,0
1116,500,5,117,17,4.470001220703125,83.160164,70.94837,112.16,116.6300048828125,0
1117,500,5,118,18,5.029998779296875,83.160164,70.94837,108.29001,113.32000732421875,0
1118,500,5,119,19,-0.9799957275390625,83.160164,70.94837,114.2,113.22000122070312,0
1119,500,5,120,20,3.1299972534179688,83.160164,70.94837,110.770004,113.9000015258789,0
1120,500,5,121,21,-4.0800018310546875,83.160164,70.94837,115.96001,111.8800048828125,0
1121,500,5,122,22,-2.4900054931640625,83.160164,70.94837,115.96001,113.47000122070312,0
1122,500,5,123,23,0.18000030517578125,83.160164,70.94837,116.12,116.30000305175781,0
1123,500,5,124,24,1.7700042724609375,83.160164,70.94837,116.12,117.89000701904297,0
1124,500,5,125,25,4.200004577636719,83.160164,70.94837,116.12,120.32000732421875,0
1125,500,6,126,1,3.2200088500976562,83.160164,70.94837,113.78,117.00000762939453,0
1126,500,6,127,2,0.980010986328125,83.160164,70.94837,117.39,118.37001037597656,0
1127,500,6,128,3,3.480010986328125,83.160164,70.94837,117.39,120.87001037597656,0
1128,500,6,129,4,3.8899993896484375,83.160164,70.94837,117.39,121.27999877929688,0
1129,500,6,130,5,6.470008850097656,83.160164,70.94837,117.39,123.8600082397461,0
1130,500,6,131,6,5.290008544921875,83.160164,70.94837,117.39,122.68000793457031,0
1131,500,6,132,7,6.169990539550781,83.160164,70.94837,112.87001,119.04000091552734,0
1132,500,6,133,8,4.1999969482421875,83.160164,70.94837,115.87001,120.07000732421875,0
1133,500,6,134,9,6.5099945068359375,83.160164,70.94837,115.87001,122.3800048828125,0
1134,500,6,135,10,6.660003662109375,83.160164,70.94837,112.93,119.59000396728516,0
1135,500,6,136,11,4.140007019042969,83.160164,70.94837,112.93,117.07000732421875,0
1136,500,6,137,12,6.7700042724609375,83.160164,70.94837,112.93,119.70000457763672,0
1137,500,6,138,13,8.040000915527344,83.160164,70.94837,112.93,120.97000122070312,0
1138,500,6,139,14,4.4900054931640625,83.160164,70.94837,112.93,117.42000579833984,0
1139,500,6,140,15,3.5900039672851562,83.160164,70.94837,112.93,116.52000427246094,0
1140,500,6,141,16,7.2100067138671875,83.160164,70.94837,111.94,119.15000915527344,0
1141,500,6,142,17,2.779998779296875,83.160164,70.94837,115.420006,118.20000457763672,0
1142,500,6,143,18,2.4800033569335938,83.160164,70.94837,111.94,114.42000579833984,0
1143,500,6,144,19,-0.7700042724609375,83.160164,70.94837,115.420006,114.6500015258789,0
1144,500,6,145,20,-4.489997863769531,83.160164,70.94837,115.420006,110.93000793457031,0
1145,500,6,146,21,-3.4199981689453125,83.160164,70.94837,113.200005,109.7800064086914,0
1146,500,6,147,22,-0.29999542236328125,83.160164,70.94837,113.200005,112.90000915527344,0
1147,500,6,148,23,1.7900009155273438,83.160164,70.94837,113.200005,114.99000549316406,0
1148,500,6,149,24,5.579994201660156,83.160164,70.94837,112.33001,117.91000366210938,0
1149,500,6,150,25,7.540000915527344,83.160164,70.94837,113.950005,121.49000549316406,0
1150,500,7,151,1,0.69000244140625,83.160164,70.94837,108.61,109.30000305175781,0
1151,500,7,152,2,1.7100067138671875,83.160164,70.94837,108.61,110.32000732421875,0
1152,500,7,153,3,-0.5400009155273438,83.160164,70.94837,113.18001,112.64000701904297,0
1153,500,7,154,4,3.0,83.160164,70.94837,113.18001,116.18000793457031,0
1154,500,7,155,5,6.1699981689453125,83.160164,70.94837,113.18001,119.35000610351562,0
1155,500,7,156,6,7.6100006103515625,83.160164,70.94837,113.18001,120.79000854492188,0
1156,500,7,157,7,4.6399993896484375,83.160164,70.94837,113.18001,117.82000732421875,0
1157,500,7,158,8,4.489990234375,83.160164,70.94837,113.18001,117.66999816894531,0
1158,500,7,159,9,8.110000610351562,83.160164,70.94837,113.18001,121.29000854492188,0
1159,500,7,160,10,5.470001220703125,83.160164,70.94837,115.62,121.09000396728516,0
1160,500,7,161,11,2.1800003051757812,83.160164,70.94837,115.62,117.80000305175781,0
1161,500,7,162,12,7.1300048828125,83.160164,70.94837,112.23,119.3600082397461,0
1162,500,7,163,13,7.0800018310546875,83.160164,70.94837,115.62,122.70000457763672,0
1163,500,7,164,14,5.3600006103515625,83.160164,70.94837,115.62,120.9800033569336,0
1164,500,7,165,15,3.8199996948242188,83.160164,70.94837,114.840004,118.66000366210938,0
1165,500,7,166,16,6.5200042724609375,83.160164,70.94837,114.840004,121.3600082397461,0
1166,500,7,167,17,8.779998779296875,83.160164,70.94837,114.840004,123.62000274658203,0
1167,500,7,168,18,6.1399993896484375,83.160164,70.94837,114.840004,120.9800033569336,0
1168,500,7,169,19,2.4700088500976562,83.160164,70.94837,118.05,120.52001190185547,0
1169,500,7,170,20,4.1300048828125,83.160164,70.94837,118.05,122.18000793457031,0
1170,500,7,171,21,3.279998779296875,83.160164,70.94837,118.05,121.33000183105469,0
1171,500,7,172,22,2.0,83.160164,70.94837,118.05,120.05000305175781,0
1172,500,7,173,23,0.82000732421875,83.160164,70.94837,118.05,118.87001037597656,0
1173,500,7,174,24,-0.1999969482421875,83.160164,70.94837,116.33,116.1300048828125,0
1174,500,7,175,25,-1.0199966430664062,83.160164,70.94837,113.73,112.71000671386719,0
1175,500,8,176,1,0.03000640869140625,83.160164,70.94837,120.71,120.74000549316406,0
1176,500,8,177,2,-1.279998779296875,83.160164,70.94837,118.62,117.34000396728516,0
1177,500,8,178,3,2.0600051879882812,83.160164,70.94837,115.29,117.35000610351562,0
1178,500,8,179,4,0.6999969482421875,83.160164,70.94837,119.27001,119.97000885009766,0
1179,500,8,180,5,3.7799911499023438,83.160164,70.94837,119.27001,123.05000305175781,0
1180,500,8,181,6,8.260002136230469,83.160164,70.94837,115.29,123.55000305175781,0
1181,500,8,182,7,5.970001220703125,83.160164,70.94837,114.130005,120.10000610351562,0
1182,500,8,183,8,5.94000244140625,83.160164,70.94837,114.8,120.74000549316406,0
1183,500,8,184,9,9.020004272460938,83.160164,70.94837,114.8,123.82000732421875,0
1184,500,8,185,10,4.099998474121094,83.160164,70.94837,117.44,121.54000091552734,0
1185,500,8,186,11,4.040008544921875,83.160164,70.94837,114.8,118.84001159667969,0
1186,500,8,187,12,6.4900054931640625,83.160164,70.94837,114.8,121.29000854492188,0
1187,500,8,188,13,5.55999755859375,83.160164,70.94837,117.44,123.0,0
1188,500,8,189,14,6.5300140380859375,83.160164,70.94837,113.0,119.53001403808594,0
1189,500,8,190,15,5.4300079345703125,83.160164,70.94837,113.0,118.43000793457031,0
1190,500,8,191,16,8.100006103515625,83.160164,70.94837,113.0,121.10000610351562,0
1191,500,8,192,17,8.849990844726562,83.160164,70.94837,110.73001,119.58000183105469,0
1192,500,8,193,18,5.149993896484375,83.160164,70.94837,110.73001,115.8800048828125,0
1193,500,8,194,19,2.9199981689453125,83.160164,70.94837,110.73001,113.65000915527344,0
1194,500,8,195,20,-1.9300003051757812,83.160164,70.94837,111.950005,110.02000427246094,0
1195,500,8,196,21,-4.30999755859375,83.160164,70.94837,111.950005,107.64000701904297,0
1196,500,8,197,22,-4.1699981689453125,83.160164,70.94837,111.950005,107.7800064086914,0
1197,500,8,198,23,-0.9300003051757812,83.160164,70.94837,111.950005,111.02000427246094,0
1198,500,8,199,24,-1.6399993896484375,83.160164,70.94837,113.73,112.09000396728516,0
1199,500,8,200,25,-2.8099899291992188,83.160164,70.94837,113.73,110.92001342773438,0
